moby_id,name_,releasedate,releaseplatform,publishers,developers,mobyscore,rank_,total,collectedby,ranking_windows,ranking_ps5,ranking_xbox,ranking_macintosh,ranking_nintendo,genre,Genre,Perspective,Visual,Pacing,Interface,Setting,Misc,ESRB Rating,Business Model,Media Type,critics_overall_rating,critics_total_reviews,players_overall_rating,players_total_reviews
150689,Baldur's Gate III,"October 6, 2020",Windows,Larian Studios NV,Larian Studios NV,9.4,2,27.1K,420,#1,#4,#7,,,Role-playing (RPG),,Diagonal-down,2D scrolling,Turn-based,Multiple units/characters control; Point and select,Fantasy,Licensed,Mature,Commercial,Download,95%,190,4.6,91
203119,The Legend of Zelda: Tears of the Kingdom,"May 12, 2023",Nintendo Switch,"Nintendo Co., Ltd.",Nintendo EPD,9.4,4,27.1K,329,,,,,,Action,,Behind view,,,Direct control,Fantasy,,Everyone 10+,Commercial,Download; Game Card,95%,155,4.5,70
230088,Astro Bot,"September 5, 2024",PlayStation 5,Sony Interactive Entertainment Inc.,Team ASOBI,9.3,5,27.1K,102,,#2,,,,Action,,3rd-person (Other),Cinematic camera,,Direct control,Sci-fi / futuristic,,Everyone 10+,Commercial,Download; UHD Blu-ray Disc,94%,155,4.5,16
199460,Metroid Prime: Remastered,"February 8, 2023",Nintendo Switch,"Nintendo Co., Ltd.",Retro Studios Inc.,9.3,7,27.1K,165,,,,,,Action,,1st-person,,,Direct control,Sci-fi / futuristic,,Teen,Commercial,Download; Game Card,94%,129,4.3,31
223472,Hades II,"May 6, 2024",Windows,"Supergiant Games, Inc.","Supergiant Games, Inc.",9.3,8,27.1K,67,#6,,,,,Role-playing (RPG),,Diagonal-down,Isometric,,Direct control,Classical antiquity; Fantasy,,,Commercial,Download,95%,90,3.5,11
174989,Elden Ring,"February 25, 2022",Windows,"FromSoftware, Inc.; Bandai Namco Entertainment Inc.","FromSoftware, Inc.",9.2,9,27.1K,474,#27,#1,#2,,,Role-playing (RPG),,Behind view,,,Direct control,Fantasy,,,Commercial,Download,95%,135,4.4,107
231733,Metaphor: ReFantazio,"October 11, 2024",Windows,"SEGA Corporation; SEGA of America, Inc.","Atlus Co., Ltd.",9.2,10,27.1K,98,#3,#6,#3,,,Role-playing (RPG),,Behind view,,Turn-based,Direct control,Fantasy,,,Commercial,Download,94%,108,4.5,21
241065,Clair Obscur: Expedition 33,"April 24, 2025",Windows,"Kepler Interactive Limited; Smilegate Entertainment, Inc.",Sandfall SAS,9.2,12,27.1K,116,#5,#5,#1,,,Role-playing (RPG),,Behind view,,Real-time; Turn-based,Multiple units/characters control,Fantasy,,,Commercial,Download,93%,165,4.6,35
195074,God of War: Ragnarök,"November 9, 2022",PlayStation 4,Sony Interactive Entertainment America LLC,SIE Santa Monica Studio,9.2,13,27.1K,195,,#3,,,,Action,,Behind view,,,Direct control,Fantasy,,Mature,Commercial,Download,94%,172,4.1,42
200900,Resident Evil 4,"March 24, 2023",Windows,"Capcom Co., Ltd.","Capcom Co., Ltd.",9.1,16,27.1K,267,#31,#7,#6,,,Action,,Behind view,,,Direct control,Contemporary; Europe; Fantasy,,,Commercial,Download,92%,214,4.4,48
246839,Hollow Knight: Silksong,"September 4, 2025",Windows,Team Cherry Pty Ltd.,Team Cherry Pty Ltd.,9.1,23,27.1K,59,#7,#19,#28,,,Action,,Side view,2D scrolling,,Direct control,Fantasy,,,Commercial,Download,92%,109,4.2,10
238381,Split Fiction,"March 6, 2025",Windows,"Electronic Arts, Inc.",Hazelight Studios AB,9.1,25,27.1K,77,#15,#9,#5,,,Action,,Behind view; Side view,,,Direct control,Fantasy; Sci-fi / futuristic,,Teen,Commercial,Download,91%,186,4.6,15
217980,Balatro,"February 20, 2024",Windows,PlayStack Limited,LocalThunk Inc.,9.0,26,27.1K,202,#12,#41,#15,,,Strategy / tactics,,1st-person; Top-down,Fixed / flip-screen,Turn-based,Point and select,,,,Commercial,Download,92%,69,4.5,51
216560,Like a Dragon: Infinite Wealth,"January 25, 2024",Windows,"SEGA Corporation; SEGA of America, Inc.",Ryu ga Gotoku Studio,9.0,29,27.1K,98,#17,#11,#9,,,Action; Role-playing (RPG),,Behind view,,,Direct control,Japan (Modern/Futuristic); North America,,,Commercial,Download,91%,121,4.6,14
210462,Super Mario Bros. Wonder,"October 20, 2023",Nintendo Switch,"Nintendo Co., Ltd.",Nintendo EPD,9.0,32,27.1K,209,,,,,,Action,,Side view,2D scrolling,,Direct control,Fantasy,,Everyone,Commercial,Download; Game Card,91%,76,4.6,43
203910,Street Fighter 6,"June 2, 2023",Windows,"Capcom Co., Ltd.","Capcom Co., Ltd.",9.0,39,27.1K,107,#76,#8,#19,,,Action,,Behind view; Side view,2D scrolling,,Direct control,Contemporary,,Teen,Commercial,Download,91%,137,3.3,12
218917,Final Fantasy VII: Rebirth,"February 29, 2024",PlayStation 5,"Square Enix Co., Ltd.",Square Enix Creative Business Unit I,9.0,42,27.1K,110,#137,#12,,,,Role-playing (RPG),,3rd-person (Other),Cinematic camera,,Direct control,Fantasy,,Teen,,,91%,90,4.4,21
170577,Tsukihime: A piece of blue glass moon,"August 26, 2021",PlayStation 4,Aniplex Inc.; Aniplex of America Inc.,Type-Moon,9.0,45,27.1K,24,,,,,,Adventure,,1st-person,Fixed / flip-screen,Meditative / Zen,Menu structures,Contemporary; Fantasy,,Mature,,Blu-Ray Disc; Download,93%,24,5.0,3
245083,Donkey Kong Bananza,"July 17, 2025",Nintendo Switch 2,"Nintendo Co., Ltd.",Nintendo EPD,8.9,49,27.1K,35,,,,,,Action,,Behind view,,,Direct control,Fantasy,,Everyone 10+,Commercial,Download; Game Card,92%,35,4.5,2
193990,Persona 5: Royal,"October 21, 2022",Windows,SEGA Corporation,"Atlus Co., Ltd.",8.9,65,27.1K,185,#165,#136,,,,Compilation; Role-playing (RPG),,Behind view,,,Direct control; Menu structures,Asia; Contemporary; Fantasy,,,Commercial,Download,93%,28,4.4,30
240176,Blue Prince,"April 10, 2025",Windows,Raw Fury AB,"Dogubomb, Inc.",8.9,66,27.1K,59,#13,#104,#20,,,Puzzle,,1st-person,,,Direct control,,,,Commercial,Download,91%,75,4.0,12
223654,Animal Well,"May 9, 2024",Windows,Bigmode,Shared Memory LLC,8.9,67,27.1K,88,#23,#200,,,,Action,,Side view,2D scrolling,,Direct control,Fantasy,,,,,90%,41,4.7,15
170037,Psychonauts 2,"August 25, 2021",Windows,Microsoft Corporation,"Double Fine Productions, Inc.",8.8,79,27.1K,175,#37,,#10,,,Action,,3rd-person (Other); Behind view,,,Direct control,Sci-fi / futuristic,,,Commercial,Download,89%,91,4.4,16
236887,Kingdom Come: Deliverance II,"February 4, 2025",Windows,Plaion GmbH (Austria),Warhorse Studios s.r.o.,8.8,82,27.1K,77,#28,#21,#17,,,Role-playing (RPG),,1st-person,,,Direct control,Europe; Medieval,,Mature,Commercial,Download,89%,169,4.1,9
216563,Tekken 8,"January 25, 2024",Windows,Bandai Namco Entertainment America Inc.,"Bandai Namco Studios Inc.; Arika Co., Ltd.",8.8,84,27.1K,76,#138,#17,#18,,,Action,,Side view,2D scrolling,,Direct control,,,,Commercial,,90%,85,3.6,10
143668,Half-Life: Alyx,"March 23, 2020",Windows,Valve Corporation,Valve Corporation,8.8,86,27.1K,193,#26,,,,,Action,,1st-person,,,Direct control; Motion control,Post-apocalyptic; Sci-fi / futuristic,,,Commercial,Download,94%,19,4.3,17
161320,It Takes Two,"March 26, 2021",Windows,"Electronic Arts, Inc.",Hazelight Studios AB,8.8,87,27.1K,288,#55,#15,#8,,,Action,,Behind view; Side view,,,Direct control,Contemporary; Fantasy,,Teen,Commercial,Download,89%,117,4.4,56
141485,Final Fantasy VII: Remake,"April 10, 2020",PlayStation 4,"Square Enix, Inc.; Square Enix Limited; Square Enix Co., Ltd.","Square Enix Co., Ltd.",8.8,90,27.1K,159,,,,,,Role-playing (RPG),,3rd-person (Other),Cinematic camera,,Direct control,Fantasy,,Teen,Commercial,Download,90%,61,4.3,28
169624,Ghost of Tsushima: Director's Cut,"August 20, 2021",PlayStation 4,Sony Interactive Entertainment America LLC; Sony Interactive Entertainment Europe Ltd.,Sucker Punch Productions LLC,8.8,95,27.1K,159,#128,#22,,,,Action,,Behind view,,,Direct control,Japan (Ancient/Classical/Medieval),,Mature,,,90%,20,4.6,21
238122,Monster Hunter: Wilds,"February 27, 2025",PlayStation 5,"Capcom Co., Ltd.; Capcom U.S.A., Inc.; CE Europe Ltd.","Capcom Co., Ltd.",8.8,97,27.1K,54,#41,#16,#21,,,Role-playing (RPG),,Behind view,,,Direct control,Fantasy,,,,,89%,192,3.9,8
146798,The Last of Us: Part II,"June 18, 2020",PlayStation 4,Sony Interactive Entertainment Europe Ltd.; Sony Interactive Entertainment Inc.; Sony Interactive Entertainment America LLC; SCE Worldwide Studios,"Naughty Dog, Inc.",8.8,98,27.1K,207,,,,,,Action,,Behind view,,,Direct control,Fantasy; North America; Post-apocalyptic,Regional differences,Mature,Commercial,Blu-Ray Disc; Download,89%,99,4.3,47
188601,Xenoblade Chronicles 3,"July 29, 2022",Nintendo Switch,"Nintendo of America Inc.; Nintendo Co., Ltd.","Monolith Software, Inc.",8.8,100,27.1K,116,,,,,,Role-playing (RPG),,3rd-person (Other),,Real-time,,Fantasy,,Teen,Commercial,Download; Game Card,91%,27,4.4,13
172841,Metroid Dread,"October 8, 2021",Nintendo Switch,"Nintendo Co., Ltd.",Mercury Steam Entertainment S.L.; Nintendo EPD,8.8,104,27.1K,191,,,,,,Action,,Side view,2D scrolling,,Direct control,Sci-fi / futuristic,,Teen,Commercial,Download; Game Card,90%,49,4.3,27
149407,Microsoft Flight Simulator,"August 18, 2020",Windows,Microsoft Corporation,Asobo Studio S.A.R.L.,8.8,105,27.1K,73,#188,,#4,,,Simulation,,1st-person; 3rd-person (Other),,,Direct control,,,Everyone,Commercial,Download,94%,32,3.2,8
142015,Ori and the Will of the Wisps,"March 10, 2020",Windows Apps,"Microsoft Corporation; iam8bit, Inc.",Moon Studios GmbH,8.8,108,27.1K,219,#52,,,,,Action,,Side view,2D scrolling,,Direct control,Fantasy,,,Commercial,,90%,34,4.4,24
230048,Castlevania: Dominus Collection,"August 27, 2024",Windows,"Konami Digital Entertainment Co., Ltd.","Konami Digital Entertainment Co., Ltd.; M2 Co., Ltd.",8.8,110,27.1K,51,#177,#56,,,,Action; Compilation; Role-playing (RPG),,Side view,2D scrolling,,,Europe; Fantasy,,,Commercial,Download,90%,34,4.3,3
174940,Forza Horizon 5,"November 9, 2021",Windows,Microsoft Corporation,Playground Games Ltd,8.8,114,27.1K,172,#168,,#11,,,Racing / Driving,,1st-person; Behind view,,,Direct control,Contemporary; North America,,,,,93%,21,4.3,32
190774,The Last of Us: Part I,"September 2, 2022",PlayStation 5,Sony Interactive Entertainment Europe Ltd.; Sony Interactive Entertainment America LLC; Playstation PC LLC,"Naughty Dog, Inc.",8.8,118,27.1K,148,"#4,086",#14,,,,Action,,Behind view,,,Direct control,Fantasy; North America; Post-apocalyptic,Regional differences,Mature,Commercial,Download; UHD Blu-ray Disc,88%,125,4.6,21
244242,Death Stranding 2: On the Beach,"June 26, 2025",PlayStation 5,Sony Interactive Entertainment Inc.,"Kojima Productions Co., Ltd.",8.8,122,27.1K,27,,#18,,,,Action,,Behind view,,,Direct control,North America; Oceania; Post-apocalyptic,,Mature,,,89%,45,4.7,3
210676,Slay the Princess,"October 23, 2023",Windows,"Black Tabby Games, LLC; Serenity Forge LLC","Black Tabby Games, LLC",8.7,124,27.1K,68,#29,#97,#93,,,Adventure,,1st-person,Fixed / flip-screen,,Menu structures,Fantasy,,,Commercial,,89%,67,4.6,9
198497,Hi-Fi Rush,"January 25, 2023",Windows,Bethesda Softworks LLC,Tango Gameworks,8.7,126,27.1K,190,#63,#73,#14,,,Action,,Behind view,,,Direct control,Fantasy,,Teen,Commercial,Download,89%,61,4.3,17
195765,Chained Echoes,"December 8, 2022",Windows,Deck13 Spotlight GmbH,,8.7,134,27.1K,70,#132,,#84,,,Role-playing (RPG),,Diagonal-down,2D scrolling,Turn-based,Direct control,Fantasy,,,Commercial,Download,90%,47,3.7,7
224693,Paper Mario: The Thousand-Year Door,"May 23, 2024",Nintendo Switch,Nintendo of America Inc.,"Intelligent Systems Co., Ltd.",8.7,139,27.1K,62,,,,,,Role-playing (RPG),,Behind view; Side view,,Turn-based,Direct control,Fantasy,,Everyone,,,88%,118,4.5,4
210733,Marvel Spider-Man 2,"October 19, 2023",PlayStation 5,Sony Interactive Entertainment Inc.; Sony Interactive Entertainment Europe Ltd.; Sony Interactive Entertainment America LLC; PlayStation Publishing LLC,"Insomniac Games, Inc.",8.7,143,27.1K,120,"#3,254",#13,,,,Action,,Behind view,2D scrolling,,Direct control,Fantasy; North America,Licensed,Teen,Commercial,Download; UHD Blu-ray Disc,89%,94,3.9,21
194057,Dave the Diver,"October 27, 2022",Windows,"MINTROCKET; Nexon Co., Ltd.",MINTROCKET,8.7,147,27.1K,152,#32,,,,,Action; Simulation,,Side view,2D scrolling,,Direct control; Menu structures,,,,Commercial,Download,90%,56,4.2,25
225958,Shin Megami Tensei V: Vengeance,"June 14, 2024",Windows,"SEGA Corporation; SEGA of America, Inc.","Atlus Co., Ltd.",8.7,148,27.1K,57,#259,#50,,,,Role-playing (RPG),,3rd-person (Other); Behind view,,Turn-based,Direct control,Fantasy; Japan (Modern/Futuristic); Post-apocalyptic,,,Commercial,,90%,24,4.7,6
176849,Uncharted: Digital Bundle,"December 7, 2021",PlayStation 4,Sony Interactive Entertainment America LLC; Sony Interactive Entertainment Europe Ltd.; Playstation PC LLC,"Naughty Dog, Inc.",8.7,150,27.1K,111,#70,#38,,,,Action; Compilation,,Behind view,,,Direct control,,,,Commercial,Download,89%,20,4.8,11
230810,UFO 50,"September 18, 2024",Windows,"Mossmouth, LLC","Mossmouth, LLC",8.7,151,27.1K,53,#35,,,,,Action; Adventure; Compilation; Puzzle; Role-playing (RPG); Sports,,1st-person; Behind view; Diagonal-down; Side view; Top-down,2D scrolling; Fixed / flip-screen,,Direct control,,,,Commercial,Download,91%,25,4.3,6
153477,Demon's Souls,"November 12, 2020",PlayStation 5,Sony Interactive Entertainment Inc.; Sony Interactive Entertainment America LLC,"Bluepoint Games, Inc.; Sony Interactive Entertainment Japan Studio",8.7,155,27.1K,124,,#20,,,,Role-playing (RPG),,Behind view,,,Direct control,Fantasy,,Mature,Commercial,Download; UHD Blu-ray Disc,93%,22,4.2,25
245849,Shinobi: Art of Vengeance,"August 29, 2025",Windows,SEGA Corporation,Lizardcube,8.7,158,27.1K,24,#69,#23,#24,,,Action,,Side view,2D scrolling,,Direct control,,,,Commercial,Download,88%,121,4.3,3
248605,Absolum,"October 9, 2025",Windows,"DotEmu SAS; Gamirror Games; Arc System Works Co., Ltd.",Guard Crush Games Inc.; Supamonks Studio; DotEmu SAS,8.7,161,27.1K,9,#46,#59,,,,Action,,Side view,2D scrolling,,Direct control,Fantasy,,,Commercial,Download,88%,104,4.7,3
198508,Dead Space,"January 27, 2023",Windows,"Electronic Arts, Inc.",Motive Studio,8.7,165,27.1K,186,#78,#32,#22,,,Action,,Behind view,,,Direct control,Cyberpunk / dark sci-fi,,,Commercial,Download,89%,56,4.2,26
210927,Alan Wake II,"October 27, 2023",Windows,"Epic Games, Inc.",Remedy Entertainment Oyj,8.7,172,27.1K,104,#267,#24,#12,,,Action,,Behind view,,,Direct control,Contemporary; Fantasy; North America,,,Commercial,Download,89%,98,3.7,19
207900,Sea of Stars,"August 29, 2023",Windows,"Sabotage Studio Inc.; iam8bit, Inc.",Sabotage Studio Inc.,8.7,174,27.1K,114,#61,#47,#117,,,Role-playing (RPG),,Top-down,2D scrolling,Turn-based,Direct control,Fantasy,,,Commercial,Download,89%,70,4.1,17
216878,Persona 3: Reload,"February 2, 2024",Windows,"SEGA Corporation; SEGA of America, Inc.","Atlus Co., Ltd.",8.7,176,27.1K,108,#54,#27,#30,,,Role-playing (RPG),,3rd-person (Other),,Turn-based,Menu structures,Fantasy,,,Commercial,Download,88%,79,4.3,29
172725,Death Stranding: Director's Cut,"September 24, 2021",PlayStation 5,Sony Interactive Entertainment America LLC; 505 Games S.p.A.,"Kojima Productions Co., Ltd.",8.7,184,27.1K,248,#185,#30,,,,Action,,1st-person; Behind view,,,Direct control,North America; Post-apocalyptic; Sci-fi / futuristic,,Mature,Commercial,Download,89%,30,4.4,25
219115,Unicorn Overlord,"March 7, 2024",PlayStation 4,"Atlus; SEGA Corporation; SEGA of America, Inc.",Vanillaware Ltd.,8.7,186,27.1K,53,,#40,,,,Role-playing (RPG),,Diagonal-down,2D scrolling,,Direct control; Menu structures,Fantasy,,Teen,,,89%,28,4.7,9
158999,Super Mario 3D World + Bowser’s Fury,2021,Nintendo Switch,"Nintendo Co., Ltd.",Nintendo EPD,8.7,192,27.1K,168,,,,,,Action,,3rd-person (Other),,,Direct control,,,Everyone,Commercial,Download; Game Card,88%,42,4.4,30
216448,The Last of Us: Part II - Remastered,"January 19, 2024",PlayStation 5,Sony Computer Entertainment Europe Ltd.; PlayStation Publishing LLC,"Naughty Dog, Inc.",8.7,194,27.1K,63,#98,#26,,,,Action,,Behind view,,,Direct control,North America; Post-apocalyptic,,Mature,,,89%,70,3.7,9
141533,Animal Crossing: New Horizons,"March 20, 2020",Nintendo Switch,"Nintendo Co., Ltd.",Nintendo EPD; Nintendo EAD,8.7,197,27.1K,234,,,,,,Simulation,,Diagonal-down,,,Direct control,,,Everyone,Commercial,Download; Game Card,90%,74,3.9,41
150140,Tony Hawk's Pro Skater 1 + 2,"September 4, 2020",Windows,"Activision Publishing, Inc.","Vicarious Visions, Inc.; Iron Galaxy Studios, LLC",8.6,203,27.1K,96,#431,,,,,Action; Sports,,Behind view,,,Direct control,,Licensed,,,,90%,35,4.0,13
239702,Xenoblade Chronicles X: Definitive Edition,"March 20, 2025",Nintendo Switch,"Nintendo of America Inc.; Nintendo of Europe GmbH; Nintendo Co., Ltd.; Nintendo Australia Pty., Ltd.","Monolith Software, Inc.",8.6,204,27.1K,32,,,,,,Role-playing (RPG),,3rd-person (Other),Free camera,Real-time,,Sci-fi / futuristic,,Teen,,,88%,87,3.7,3
166282,Ratchet & Clank: Rift Apart,"June 10, 2021",PlayStation 5,"Sony Interactive Entertainment America LLC; Sony Interactive Entertainment Europe Ltd.; Sony Interactive Entertainment Inc.; Playstation PC LLC; Sony Interactive Entertainment (Shanghai) Co., Ltd.","Insomniac Games, Inc.",8.6,206,27.1K,155,#286,#28,,,,Action,,Behind view,,,Direct control,Sci-fi / futuristic,,Everyone 10+,Commercial,Download; UHD Blu-ray Disc,89%,71,4.0,22
211252,The Talos Principle II,"November 2, 2023",Windows,"Devolver Digital, Inc.",Croteam,8.6,209,27.1K,75,#64,#66,,,,Action; Puzzle,,1st-person,,,Direct control,Post-apocalyptic; Sci-fi / futuristic,,,Commercial,Download,89%,42,4.2,5
177783,Hades,2021,Nintendo Switch,"Supergiant Games, Inc.; Take-Two Interactive Software, Inc.",,8.6,211,27.1K,52,,#63,,,,Special edition,,,,,,,,Teen,,,93%,10,4.4,19
224039,Lorelei and the Laser Eyes,"May 16, 2024",Windows,Annapurna Interactive,Simogo AB,8.6,213,27.1K,37,#106,,,,,Adventure; Puzzle,,1st-person; 3rd-person (Other),,,Direct control; Point and select,Europe,,Teen,,,88%,70,4.4,5
216014,Prince of Persia: The Lost Crown,"January 18, 2024",Windows,Ubisoft Entertainment SA,Ubisoft Montpellier SAS,8.6,224,27.1K,107,#172,#36,#29,,,Action,,Side view,2D scrolling,,Direct control,Fantasy; Middle East,,,Commercial,Download,88%,68,4.2,26
143581,Doom Eternal,"March 19, 2020",Windows,Bethesda Softworks LLC,"id Software, Inc.",8.6,225,27.1K,431,#280,,,,,Action,,1st-person,,,Direct control,Sci-fi / futuristic,,,Commercial,Download,87%,60,4.4,64
194426,Pentiment,"November 15, 2022",Windows,Microsoft Corporation,"Obsidian Entertainment, Inc.",8.6,230,27.1K,89,#94,,#13,,,Adventure,,3rd-person (Other),,,Point and select,Europe; Medieval,,,Commercial,Download,87%,127,4.1,20
231515,Silent Hill 2,"October 8, 2024",Windows,"Konami Digital Entertainment Co., Ltd.",Bloober Team SA,8.6,233,27.1K,102,#96,#37,,,,Action,,3rd-person (Other),Cinematic camera,,Direct control,Fantasy,,Mature,Commercial,Download,86%,127,4.6,23
209361,Cyberpunk 2077 & Phantom Liberty Bundle,"September 26, 2023",Windows,CD Projekt S.A.,CD Projekt RED,8.6,235,27.1K,38,,,,,,Compilation; Role-playing (RPG),,1st-person,,,Direct control,Alternate history; Cyberpunk / dark sci-fi,Licensed,,,,91%,10,4.7,9
199777,Theatrhythm: Final Bar Line,"February 16, 2023",PlayStation 4,"Square Enix Co., Ltd.; Square Enix, Inc.","indieszero Co., Ltd.",8.6,237,27.1K,28,,,,,,Action,,Side view,2D scrolling,,Direct control,Fantasy; Sci-fi / futuristic,,Teen,Commercial,Blu-Ray Disc; Download,87%,93,4.5,4
196112,Dwarf Fortress,"December 6, 2022",Windows,Jeux Kitfox Inc.,Bay 12 Games,8.6,243,27.1K,89,#68,,,,,Role-playing (RPG); Simulation; Strategy / tactics,,Top-down,,,Point and select,Fantasy,,,Commercial,Download,90%,14,4.7,6
248541,Ghost of Yōtei,"October 1, 2025",PlayStation 5,Sony Interactive Entertainment Inc.,Sucker Punch Productions LLC,8.6,247,27.1K,16,,#29,,,,Action,,Behind view,,,Direct control,Japan (Ancient/Classical/Medieval),,Mature,,,87%,145,3.2,5
195171,Atari 50: The Anniversary Celebration,November 2022,Atari VCS,"Atari Interactive, Inc.",Digital Eclipse Entertainment Partners Co.,8.6,252,27.1K,80,,#52,#49,,,Action; Compilation; Educational,,,,,Direct control; Point and select,,,,,,88%,55,4.0,4
220371,Ender Magnolia: Bloom in the Mist,"March 25, 2024",Windows,Binary Haze Interactive Inc.,ADGLOBE Inc.; Live Wire Inc.,8.6,256,27.1K,25,#301,#159,,,,Role-playing (RPG),,Side view,2D scrolling,,Direct control,Fantasy; Post-apocalyptic,,,,,87%,50,4.8,4
178917,Horizon II: Forbidden West,"February 18, 2022",PlayStation 4,"Sony Interactive Entertainment Europe Ltd.; Sony Interactive Entertainment America LLC; Sony Interactive Entertainment Inc.; Sony Interactive Entertainment (Shanghai) Co., Ltd.",Guerrilla B.V.,8.6,260,27.1K,124,,#25,,,,Role-playing (RPG),,Behind view,,,Direct control,Fantasy; North America; Post-apocalyptic,,Teen,,,88%,51,4.2,25
234173,Indiana Jones and the Great Circle,"December 9, 2024",Windows,Bethesda Softworks LLC,MachineGames Sweden AB,8.6,263,27.1K,78,#121,#85,#16,,,Action,,1st-person,,,Direct control,Africa; Asia; Europe; Interwar; Middle East; North America; South America,Licensed,,Commercial,Download,86%,92,4.5,20
236760,Citizen Sleeper 2: Starward Vector,"January 31, 2025",Windows,Fellow Traveller Games,Jump Over The Age,8.6,270,27.1K,16,#105,#53,#144,,,Role-playing (RPG),,Diagonal-down,2D scrolling,,Menu structures; Point and select,Cyberpunk / dark sci-fi,,,Commercial,Download,87%,82,,
193002,Mario + Rabbids: Sparks of Hope,"October 20, 2022",Nintendo Switch,"Ubisoft Entertainment SA; Nintendo Co., Ltd.",Ubisoft Paris Studios SARL; Ubisoft Studios SRL,8.6,273,27.1K,87,,,,,,Role-playing (RPG),,Diagonal-down,Free camera,Turn-based,Point and select,Fantasy,,Everyone 10+,Commercial,Download; Game Card,86%,147,4.4,10
173968,Inscryption,"October 19, 2021",Windows,"Devolver Digital, Inc.",Daniel Mullins Games Ltd.,8.6,201,27.1K,183,#101,#148,,,,Puzzle; Strategy / tactics,,1st-person,,Turn-based,Direct control; Point and select,Fantasy,,,Commercial,,90%,20,4.3,30
223635,1000xRESIST,"May 9, 2024",Windows,Fellow Traveller Games,sunset visitor,8.6,284,27.1K,82,#103,,,,,Adventure,,3rd-person (Other),,Real-time,Direct control,Post-apocalyptic; Sci-fi / futuristic,,Mature,Commercial,Download,87%,46,4.2,8
163431,Returnal,"April 30, 2021",PlayStation 5,Sony Interactive Entertainment America LLC; Sony Interactive Entertainment Europe Ltd.; Playstation PC LLC,Housemarque Ltd.,8.6,286,27.1K,122,#152,#31,,,,Action,,Behind view,,,Direct control,Sci-fi / futuristic,,Teen,Commercial,Download; UHD Blu-ray Disc,86%,164,4.3,12
181802,Kirby and the Forgotten Land,"March 25, 2022",Nintendo Switch,"Nintendo Co., Ltd.","HAL Laboratory, Inc.",8.6,294,27.1K,153,,,,,,Action,,3rd-person (Other); Diagonal-down,,,Direct control,Fantasy,,Everyone 10+,Commercial,Download; Game Card,88%,44,4.2,26
209564,Cocoon,"September 29, 2023",Windows,"Annapurna Games, LLC",Geometric Interactive,8.6,299,27.1K,99,#268,#51,#34,,,Puzzle,,Diagonal-down,2D scrolling,,Direct control,Fantasy,,,Commercial,Download,89%,40,4.0,22
146988,Ghost of Tsushima,"July 17, 2020",PlayStation 4,Sony Interactive Entertainment America LLC; Sony Interactive Entertainment Inc.; Sony Interactive Entertainment Europe Ltd.,Sucker Punch Productions LLC,8.6,302,27.1K,146,,,,,,Action,,Behind view,,,Direct control,Japan (Ancient/Classical/Medieval),,Mature,Commercial,Blu-Ray Disc; Download,86%,28,4.5,30
242779,Pipistrello and the Cursed Yoyo,"May 28, 2025",Windows,"PM Studios, Inc.",Pocket Trap,8.6,306,27.1K,11,#329,#92,,,,Action,,Diagonal-down,2D scrolling,,Direct control,,,,Commercial,Download,89%,32,3.7,3
232022,Neva,"October 15, 2024",Windows,"Devolver Digital, Inc.",Nomada Studio,8.6,307,27.1K,48,#140,#75,#57,,,Action; Puzzle,,Side view,2D scrolling,,Direct control,,,,Commercial,Download,87%,78,3.6,8
145442,Huntdown,"May 12, 2020",Windows,Coffee Stain Publishing AB,Easy Trigger AB,8.6,308,27.1K,72,#281,,,,,Action,,Side view,2D scrolling,,Direct control,Cyberpunk / dark sci-fi,,,Commercial,Download,88%,37,4.1,5
180087,Final Fantasy VI,"February 23, 2022",Windows,"Square Enix Co., Ltd.; Square Enix, Inc.","Square Co., Ltd.; Tose Co., Ltd.",8.5,318,27.1K,86,#479,,,,,Role-playing (RPG),,Diagonal-down,,Turn-based,,Fantasy,,,,,88%,10,4.6,14
180055,Total War: Warhammer III,"February 17, 2022",Windows,SEGA Europe Ltd.; Feral Interactive Ltd.,"Creative Assembly Ltd., The",8.5,322,27.1K,53,#104,,,,,Strategy / tactics,,Diagonal-down,Free camera,Real-time; Turn-based,Multiple units/characters control; Point and select,Fantasy,Licensed,,,,87%,47,3.5,2
145915,Xenoblade Chronicles: Definitive Edition,"May 29, 2020",Nintendo Switch,"Nintendo of Europe GmbH; Nintendo Co., Ltd.; Nintendo Australia Pty., Ltd.; Nintendo of America Inc.","Monolith Software, Inc.",8.5,327,27.1K,100,,,,,,Role-playing (RPG),,3rd-person (Other),Free camera,Real-time,Direct control,Fantasy,,Teen,Commercial,Download; Game Card,92%,15,4.2,13
240340,The Talos Principle: Reawakened,"April 10, 2025",Windows,"Devolver Digital, Inc.",Croteam,8.5,328,27.1K,13,#108,,,,,Action; Puzzle,,1st-person; Behind view,,,Direct control,Post-apocalyptic; Sci-fi / futuristic,,,Commercial,Download,89%,19,5.0,1
186311,Neon White,"June 16, 2022",Windows,"Annapurna Games, LLC","Angel Matrix LLC; Little Flag Software, LLC",8.5,342,27.1K,87,#195,,#40,,,Action,,1st-person,,,Direct control,Fantasy,,,Commercial,Download,89%,54,3.4,16
224086,Mullet MadJack,"May 15, 2024",Windows,Epopeia Games; Hammer95,Hammer95,8.5,347,27.1K,36,#131,,,,,Action,,1st-person,,,Direct control,Cyberpunk / dark sci-fi,,,Commercial,Download,88%,31,4.2,6
230832,Frostpunk 2,"September 20, 2024",Windows,11 bit studios S.A.,11 bit studios S.A.,8.5,353,27.1K,32,#115,,,,,Strategy / tactics,,Diagonal-down,Free camera,Real-time,Point and select,Post-apocalyptic; Steampunk,,,Commercial,Download,86%,89,4.0,2
169609,Quake,"August 19, 2021",Windows,Bethesda Softworks LLC,"id Software, Inc.",8.5,354,27.1K,228,"#1,009",,,,,Action; Compilation,,1st-person,,,Direct control,Fantasy,,Mature,Commercial,Download,87%,11,4.4,39
211270,Star Ocean: The Second Story R,"November 2, 2023",Windows,"Square Enix Co., Ltd.; Square Enix, Inc.","Gemdrops, Inc.; Square Enix Co., Ltd.",8.5,357,27.1K,48,#632,#64,,,,Role-playing (RPG),,Diagonal-down,2D scrolling,,Direct control,Fantasy,,,,,87%,32,5.0,4
164405,Mass Effect: Legendary Edition,"May 13, 2021",PlayStation 4,"Electronic Arts, Inc.",BioWare Edmonton,8.5,363,27.1K,314,#211,,#87,,,Role-playing (RPG),,Behind view,Cinematic camera,,Direct control,Sci-fi / futuristic,,Mature,,,86%,35,4.4,26
187183,AI: The Somnium Files - nirvanA Initiative,"June 23, 2022",Nintendo Switch,"Spike Chunsoft Co., Ltd.; Spike Chunsoft, Inc.","Spike Chunsoft Co., Ltd.",8.5,367,27.1K,57,#343,,,,,Adventure,,3rd-person (Other),,,Menu structures,Japan (Modern/Futuristic); Sci-fi / futuristic,,Mature,Commercial,Download; Game Card,87%,70,3.6,7
160124,Monster Hunter: Rise,"March 26, 2021",Nintendo Switch,"Capcom Co., Ltd.","Capcom Co., Ltd.",8.5,372,27.1K,155,#376,#107,,,,Role-playing (RPG),,Behind view,,,Direct control,Fantasy,,Teen,Commercial,Download,88%,40,3.9,10
153150,Yakuza: Like a Dragon,"January 16, 2020",PlayStation 4,"SEGA Games Co., Ltd.; SEGA of America, Inc.",Ryu ga Gotoku Studio,8.5,373,27.1K,225,#440,#142,#63,,,Role-playing (RPG),,1st-person; 3rd-person (Other),,Turn-based,Direct control; Multiple units/characters control,Japan (Modern/Futuristic),,Mature,Commercial,Blu-Ray Disc; Download,87%,37,4.3,20
180080,Gran Turismo 7,"March 4, 2022",PlayStation 4,Sony Interactive Entertainment America LLC; Sony Interactive Entertainment Europe Ltd.,Polyphony Digital Inc.,8.5,378,27.1K,82,,#34,,,,Racing / Driving; Simulation,,1st-person; Behind view,,,Direct control,,,,,,88%,37,4.1,15
157629,Hitman III,"January 20, 2021",Windows,Io-Interactive A/S; Square Enix Limited,Io-Interactive A/S,8.5,382,27.1K,241,#146,#70,#31,,,Action,,Behind view,,,Direct control,Asia; Contemporary; Europe; Middle East; South America,,,Commercial,Download,87%,67,4.1,15
241974,Doom: The Dark Ages,"May 15, 2025",Windows,Bethesda Softworks LLC,"id Software, Inc.",8.5,385,27.1K,39,#145,#33,#37,,,Action,,1st-person; Behind view,,,Direct control,Fantasy; Medieval; Sci-fi / futuristic,,,Commercial,Download,86%,188,3.2,5
193347,Tactics Ogre: Reborn,"November 11, 2022",Windows,"Square Enix Co., Ltd.; Square Enix, Inc.; Square Enix Limited","Square Enix Co., Ltd.",8.5,387,27.1K,55,#384,#42,,,,Role-playing (RPG); Strategy / tactics,,Diagonal-down,,Turn-based,Point and select,Fantasy,,,,,86%,65,4.3,5
143125,Jack Jeanne,"March 18, 2021",Nintendo Switch,"Broccoli; Aksys Games Localization, Inc.","Hyde, Inc.",8.5,390,27.1K,14,,,,,,Simulation,,,,,Point and select,Japan (Modern/Futuristic),Licensed,Teen,Commercial,Download; Game Card,88%,22,5.0,1
228659,Thank Goodness You're Here!,"August 1, 2024",Windows,Panic Inc.,Coal Supper,8.5,391,27.1K,53,#150,#228,,,,Adventure,,3rd-person (Other),2D scrolling,,Direct control,,,,Commercial,,86%,39,4.8,5
198390,Pizza Tower,"January 26, 2023",Windows,Tour De Pizza,Tour De Pizza,8.5,397,27.1K,85,#81,,,,,Action,,Side view,2D scrolling,,Direct control,Fantasy,,,,,89%,18,4.3,9
205088,Ghost Trick: Phantom Detective,"June 30, 2023",Windows,"Capcom Co., Ltd.","Capcom Co., Ltd.",8.5,400,27.1K,68,#448,,,,,Adventure,,Side view,,,,Fantasy,,,Commercial,Download,87%,39,4.4,5
142906,Streets of Rage 4,2020,Xbox Cloud Gaming,"DotEmu SAS; Yooreka Studio; H2 Interactive Co., Ltd.; Chengdu Joystick IP Service Ltd.; Playdigious SAS",DotEmu SAS; Guard Crush Games Inc.; Lizardcube,8.5,403,27.1K,138,#311,,,,,Action,,Side view,2D scrolling,,Direct control,,Licensed,,,,86%,56,4.3,39
153499,PlayStation 5 (included game),"November 12, 2020",PlayStation 5,Sony Interactive Entertainment America LLC,Team ASOBI,8.5,414,27.1K,66,,#39,,,,Action,,3rd-person (Other),Cinematic camera,,Direct control,Sci-fi / futuristic,,,Freeware / Free-to-play / Public Domain,Download,89%,18,4.2,17
174498,Shin Megami Tensei V,"November 11, 2021",Nintendo Switch,"Atlus Co., Ltd.; Nintendo of Europe GmbH; Nintendo Australia Pty., Ltd.; SEGA of America, Inc.","Atlus Co., Ltd.",8.5,425,27.1K,67,,,,,,Role-playing (RPG),,3rd-person (Other); Behind view,,Turn-based,Direct control,Fantasy; Japan (Modern/Futuristic); Post-apocalyptic,,,Commercial,Download; Game Card,88%,28,4.1,13
241084,The Hundred Line: Last Defense Academy,"April 24, 2025",Windows,Aniplex Inc.; Xseed Games,"Too Kyo Games, LLC; Media.Vision Entertainment Inc.",8.5,443,27.1K,20,#485,,,,,Role-playing (RPG),,3rd-person (Other),,Turn-based,Direct control,Sci-fi / futuristic,,,,,86%,38,4.8,4
163363,Final Fantasy VII: Remake - Intergrade,"June 10, 2021",PlayStation 5,"Square Enix, Inc.; Square Enix Co., Ltd.; Square Enix Limited","Square Enix Co., Ltd.",8.5,451,27.1K,138,#731,#45,,,,Role-playing (RPG),,3rd-person (Other),Cinematic camera,,Direct control,Fantasy,,Teen,Commercial,Download; UHD Blu-ray Disc,86%,27,4.5,13
149534,Crusader Kings III,"September 1, 2020",Windows,Paradox Interactive AB,Paradox Development Studio,8.5,462,27.1K,150,#159,,,,,Strategy / tactics,,Diagonal-down,Free camera,Real-time,Menu structures; Point and select,Historical events; Medieval,,Mature,Commercial,Download; DVD-ROM,91%,16,4.1,18
230414,Marvel vs. Capcom Fighting Collection: Arcade Classics,"September 11, 2024",PlayStation 4,"Capcom Co., Ltd.","Capcom Co., Ltd.",8.5,464,27.1K,32,"#1,248",,,,,Action; Compilation,,Side view,2D scrolling,,Direct control,,Licensed,Teen,,,88%,20,5.0,1
243163,Ninja Gaiden: Ragebound,"July 31, 2025",Windows,DotEmu SAS; Chengdu Joystick IP Service Ltd.,The Game Kitchen SL,8.5,465,27.1K,27,#149,#102,#81,,,Action,,Side view,2D scrolling,,Direct control,Fantasy; Japan (Modern/Futuristic),,,Commercial,Download,85%,124,4.3,3
149441,Rogue Legacy 2,"August 18, 2020",Windows,"Cellar Door Games, Inc.","Cellar Door Games, Inc.",8.4,569,27.1K,56,#386,,,,,Action,,Side view,2D scrolling,,,Fantasy,,,Commercial,Download,89%,13,4.2,17
231129,The Legend of Zelda: Echoes of Wisdom,"September 26, 2024",Nintendo Switch,"Nintendo of America Inc.; Nintendo of Europe GmbH; Nintendo Australia Pty., Ltd.; Nintendo Co., Ltd.","Grezzo Co., Ltd.; Nintendo EPD",8.4,476,27.1K,82,,,,,,Action,,Diagonal-down,,,Direct control,Fantasy,,Everyone 10+,Commercial,Download; Game Card,86%,57,4.3,14
238308,Two Point Museum,"March 4, 2025",Windows,SEGA Corporation,Two Point Studios Ltd.,8.4,511,27.1K,24,#187,#83,#43,,,Simulation; Strategy / tactics,,Diagonal-down,Free camera,Real-time,Point and select,,,,Commercial,Download,85%,125,,
220011,Horizon II: Forbidden West - Complete Edition,"October 6, 2023",PlayStation 5,Sony Interactive Entertainment America LLC; Sony Interactive Entertainment Europe Ltd.; Playstation PC LLC,Guerrilla B.V.,8.4,517,27.1K,47,#167,,,,,Compilation; Role-playing (RPG),,Behind view,,,Direct control,Fantasy; North America; Post-apocalyptic,,Teen,Commercial,Download; UHD Blu-ray Disc,88%,17,4.3,3
243161,Metal Gear Solid Δ: Snake Eater,"August 27, 2025",PlayStation 5,"Konami Digital Entertainment Co., Ltd.","Konami Digital Entertainment Co., Ltd.",8.4,524,27.1K,31,#538,#35,#224,,,Action,,Behind view,,,Direct control,Cold War,,,,,85%,126,5.0,1
190202,Immortality,"August 30, 2022",Windows,Half Mermaid Productions; Netflix Inc.,Half Mermaid Productions,8.4,565,27.1K,75,#361,#179,#27,,,Adventure,,1st-person,,,Menu structures; Point and select,,,,,,86%,72,3.8,13
229435,Tactical Breach Wizards,"August 22, 2024",Windows,Suspicious Developments Ltd.,Suspicious Developments Ltd.,8.4,544,27.1K,32,#183,,,,,Strategy / tactics,,Diagonal-down,,Turn-based,Multiple units/characters control; Point and select,Contemporary; Fantasy,,,Commercial,Download,88%,21,4.1,7
211718,Bzzzt,"November 13, 2023",Windows,"CINEMAX, s.r.o.",KO.DLL,8.4,560,27.1K,24,#125,,,,,Action,,Side view,2D scrolling,,Direct control,Sci-fi / futuristic,,,Commercial,,86%,18,4.8,5
193748,Victoria 3,"October 25, 2022",Windows,Paradox Interactive AB,Paradox Development Studio,8.4,566,27.1K,98,#179,,,,,Simulation; Strategy / tactics,,Diagonal-down,Free camera,,Point and select,Industrial Age,,,Commercial,Download,85%,41,4.4,7
245183,The Drifter,"July 17, 2025",Windows,Powerhoof Pty Ltd,Powerhoof Pty Ltd,8.4,568,27.1K,12,#194,,,,,Adventure,,3rd-person (Other),,,Point and select,,,,,,86%,40,3.8,4
191783,Return to Monkey Island,"September 19, 2022",Windows,"Devolver Digital, Inc.","Terrible Toybox, Inc.; Bada Games",8.4,575,27.1K,142,#180,#213,#118,,,Adventure,,3rd-person (Other),,,Point and select,Fantasy; Sea pirates / Caribbean,,,Commercial,Download,87%,73,3.6,24
207696,Blasphemous II,"August 24, 2023",Windows,Team17 Digital Limited,The Game Kitchen SL,8.4,576,27.1K,134,#278,#165,,,,Action,,Side view,2D scrolling,,Direct control,Fantasy,,,Commercial,Download,86%,29,4.2,10
228673,Minds Beneath Us,"July 31, 2024",Windows,BearBoneStudio,BearBoneStudio,8.4,582,27.1K,10,#200,,,,,Adventure,,Side view,2D scrolling,,Point and select,Asia; Sci-fi / futuristic,,,,,87%,23,,
199652,Octopath Traveler II,"February 24, 2023",Windows,"Square Enix Co., Ltd.; Square Enix, Inc.; Square Enix Limited",Acquire Corp.,8.4,590,27.1K,91,#590,#60,,,,Role-playing (RPG),,Diagonal-down; Side view,,Turn-based,Direct control; Menu structures; Multiple units/characters control,Fantasy,,,,,85%,100,3.6,8
143045,A Space for the Unbound,"January 18, 2023",Xbox One,"Chorus Worldwide Games, Ltd.; Toge Productions; Soft Source Pte Ltd",Mojiken Studio,8.4,597,27.1K,61,#488,#163,,,,Adventure,,Side view,Fixed / flip-screen,,Direct control; Point and select,Asia; Fantasy,,,Commercial,Download,85%,65,3.8,5
204085,Diablo IV,"June 6, 2023",Windows,Blizzard Entertainment Inc.,Blizzard Entertainment Inc.,8.4,603,27.1K,128,#189,#225,#44,,,Role-playing (RPG),,Diagonal-down,,,Direct control; Point and select,Fantasy,,,Commercial,Download,86%,120,3.5,27
207099,Quake II,"August 10, 2023",Windows,Bethesda Softworks LLC,"id Software, Inc.; Nightdive Studios, LLC; MachineGames Sweden AB",8.4,605,27.1K,219,#298,,#46,,,Action,,1st-person,,,Direct control,Sci-fi / futuristic,,Mature,Commercial,Download,88%,17,4.2,25
243602,The Alters,"June 13, 2025",Windows,11 bit studios S.A.,11 bit studios S.A.,8.4,607,27.1K,32,#173,#100,#143,,,Action; Simulation; Strategy / tactics,,3rd-person (Other); Side view,2D scrolling,Real-time,Direct control; Point and select,Sci-fi / futuristic,,,Commercial,Download,85%,97,3.5,6
233313,Dragon Quest III: HD-2D Remake,"November 13, 2024",Windows Apps,"Square Enix Co., Ltd.",Artdink Corporation,8.4,614,27.1K,43,#645,#48,#172,,,Role-playing (RPG),,3rd-person (Other),,Turn-based,Direct control,Fantasy,,,Commercial,,84%,75,4.8,4
232002,Mouthwashing,"September 26, 2024",Windows,Inpleron Ltd.,Wrong Organ,8.4,630,27.1K,58,#212,,,,,Adventure,,1st-person,,,Point and select,Sci-fi / futuristic,,,Commercial,Download,87%,28,4.0,12
168299,NEO: The World Ends with You,"July 27, 2021",PlayStation 4,"Square Enix, Inc.; Square Enix Co., Ltd.; Square Enix Limited","h.a.n.d. Inc.; Square Enix Co., Ltd.",8.4,631,27.1K,60,,,,,,Role-playing (RPG),,3rd-person (Other); Diagonal-down,,,Direct control,Fantasy,,Teen,Commercial,Blu-Ray Disc; Download,87%,25,4.0,5
141439,Dreams,"February 13, 2020",PlayStation 4,SCE Worldwide Studios; Sony Interactive Entertainment America LLC; Sony Interactive Entertainment Inc.; Sony Interactive Entertainment Europe Ltd.,Media Molecule Ltd.,8.4,636,27.1K,50,,,,,,Action; Adventure; Racing / Driving,,1st-person; 3rd-person (Other); Behind view; Side view,2D scrolling,,Direct control; Point and select,Fantasy,,Teen,Commercial,Blu-Ray Disc; Download,90%,18,3.6,7
238456,Suikoden I&II HD Remaster: Gate Rune & Dunan Unification Wars,"March 6, 2025",Windows,"Konami Digital Entertainment Co., Ltd.","Konami Digital Entertainment Co., Ltd.",8.4,635,27.1K,18,#591,#139,,,,Compilation; Role-playing (RPG),,Diagonal-down,,Turn-based,Direct control; Menu structures,Fantasy,,,,,87%,21,5.0,1
243068,Mario Kart World,"June 5, 2025",Nintendo Switch 2,"Nintendo Co., Ltd.",Nintendo EPD,8.4,645,27.1K,41,,,,,,Racing / Driving,,Behind view,,,Direct control; Motion control,Fantasy,,Everyone,,,85%,59,4.0,7
213969,Asgard's Wrath II,"December 15, 2023",Quest,"Oculus VR, LLC",Sanzaru Games Inc.,8.4,648,27.1K,9,,,,,,Role-playing (RPG),,1st-person,,,Direct control; Motion control,Fantasy,,,,,89%,12,,
204724,Final Fantasy XVI,"June 21, 2023",PlayStation 5,"Square Enix Co., Ltd.; Square Enix Limited",Square Enix Creative Business Unit III,8.4,656,27.1K,127,"#2,058",#49,,,,Role-playing (RPG),,Behind view,,,Direct control,Fantasy; Medieval,,Mature,Commercial,Download; UHD Blu-ray Disc,87%,88,3.4,23
181834,NORCO,"March 24, 2022",Windows,Raw Fury AB,Geography of Robots,8.4,666,27.1K,81,#203,#154,,,,Adventure,,3rd-person (Other),,,Point and select,North America; Sci-fi / futuristic,,,,,87%,32,3.9,18
246692,Sword of the Sea,"August 19, 2025",Windows,Giant Squid LLC,Giant Squid LLC,8.4,671,27.1K,9,#613,#54,,,,Action,,Behind view,,,Direct control,Fantasy,,,Commercial,Download,85%,51,3.5,2
172699,Castlevania: Advance Collection,"September 23, 2021",Nintendo Switch,"Konami Digital Entertainment Co., Ltd.","Konami Digital Entertainment Co., Ltd.",8.4,672,27.1K,85,,,,,,Action; Compilation; Role-playing (RPG),,Side view,2D scrolling,,,Europe; Fantasy,,Teen,Commercial,Download,85%,39,4.5,4
161794,NieR Replicant ver.1.22474487139...,"April 22, 2021",Xbox One,"Square Enix Co., Ltd.; Square Enix, Inc.",Toylogic Inc.,8.4,677,27.1K,137,"#1,791",,,,,Role-playing (RPG),,Behind view,,,Direct control,Fantasy; Post-apocalyptic; Sci-fi / futuristic,,,Commercial,Blu-Ray Disc; Download,85%,30,4.4,14
248025,Silent Hill f,"September 24, 2025",PlayStation 5,"Konami Digital Entertainment Co., Ltd.",NeoBards Entertainment Ltd.,8.4,679,27.1K,30,#323,#67,#91,,,Action,,Behind view,,,Direct control,Japan (Modern/Futuristic),,Mature,,,84%,76,4.1,7
185858,Teenage Mutant Ninja Turtles: Shredder's Revenge,"June 16, 2022",Windows,"DotEmu SAS; Gamera Game; H2 Interactive Co., Ltd.; Netflix Inc.",Tribute Games Inc.,8.4,695,27.1K,142,#290,,,,,Action,,Side view,2D scrolling,,Direct control,Fantasy; North America,Licensed,,,,86%,47,3.9,26
172770,Lost Judgment,"September 23, 2021",Xbox One,"SEGA Corporation; SEGA Europe Ltd.; SEGA of America, Inc.",Ryu ga Gotoku Studio,8.3,710,27.1K,80,,#44,#85,,,Action,,3rd-person (Other),,,Direct control,Japan (Modern/Futuristic),,,,,85%,43,4.6,4
216823,Granblue Fantasy: Relink,"February 1, 2024",Windows,"Cygames, Inc.; Xseed Games","Cygames, Inc.",8.3,715,27.1K,40,#518,#80,,,,Role-playing (RPG),,Behind view,,,Direct control,Fantasy,,,,,86%,28,4.0,3
228856,Fate/stay night: Remastered,"August 7, 2024",Windows,Aniplex Inc.,"Type-Moon; fuzz, Inc.",8.3,733,27.1K,12,#341,,,,,Adventure,,1st-person,Fixed / flip-screen,,Menu structures,Contemporary; Fantasy; Japan (Modern/Futuristic),,,,,88%,16,4.0,2
161717,Before Your Eyes,"April 8, 2021",Windows,Skybound LLC; Netflix Inc.,GoodbyeWorld Games,8.3,860,27.1K,74,#235,#185,,,,Adventure,,1st-person,,,,,,,Commercial,Download,86%,28,4.0,7
211613,The Legend of Heroes: Trails Through Daybreak,"September 30, 2021",PlayStation 4,"Nihon Falcom Corp.; Clouded Leopard Entertainment Inc.; NIS America, Inc.",Nihon Falcom Corp.; PH3 GmbH,8.3,763,27.1K,22,,#88,,,,Role-playing (RPG),,Behind view,,Turn-based,Direct control,Fantasy,,,,,87%,22,4.0,3
206244,Pikmin 4,"July 21, 2023",Nintendo Switch,"Nintendo Co., Ltd.",Nintendo EPD,8.3,766,27.1K,87,,,,,,Action; Puzzle; Strategy / tactics,,3rd-person (Other),,Real-time,Direct control; Multiple units/characters control,Contemporary; Fantasy; Sci-fi / futuristic,,Everyone 10+,Commercial,Download; Game Card,86%,37,3.8,13
232677,The Holy Gosh Darn,"September 26, 2024",Windows,Yogscast Ltd.,Perfectly Paranormal AS,8.3,774,27.1K,7,#337,,,,,Adventure,,Side view,2D scrolling,,Direct control,Fantasy,,,Commercial,Download,87%,18,,
230077,Ace Attorney Investigations Collection,"September 6, 2024",Windows,"Capcom Co., Ltd.","Capcom Co., Ltd.",8.3,776,27.1K,32,#419,,#201,,,Adventure; Compilation; Simulation,,1st-person,Fixed / flip-screen,,Menu structures,,,,Commercial,Download,84%,72,5.0,2
183562,The Stanley Parable: Ultra Deluxe,"April 27, 2022",Windows,Crows Crows Crows GmbH,Crows Crows Crows GmbH,8.3,778,27.1K,141,#963,,,,,Adventure,,1st-person,,,Direct control,Contemporary,,,,,90%,14,4.0,27
182452,LEGO Star Wars: The Skywalker Saga,"April 5, 2022",Windows,Warner Bros. Interactive Entertainment Inc.,TT Games Studios Ltd.,8.3,782,27.1K,179,"#1,116",#61,#25,,,Action,,Behind view,,,Direct control,Sci-fi / futuristic,Licensed,,Commercial,Download,84%,236,3.7,16
181370,Tunic,"March 16, 2022",Windows,"Finji, LLC",Isometricorp Games Ltd.,8.3,784,27.1K,133,#273,#156,#54,,,Action,,Diagonal-down,2D scrolling,,Direct control,Fantasy,,,Commercial,Download,84%,48,4.2,28
168298,The Great Ace Attorney Chronicles,"July 27, 2021",Windows,"Capcom Co., Ltd.","Capcom Co., Ltd.",8.3,800,27.1K,100,#691,,,,,Adventure; Compilation,,3rd-person (Other),,,,,,,Commercial,Download,87%,24,3.9,6
234927,Super Mario Party Jamboree,"October 17, 2024",Nintendo Switch,"Nintendo of America Inc.; Nintendo Australia Pty., Ltd.; Nintendo Co., Ltd.; Nintendo of Korea Co., Ltd.; Nintendo of Europe GmbH; Nintendo (Hong Kong) Ltd.","Nintendo Cube Co., Ltd.",8.3,812,27.1K,39,,,,,,Action,,3rd-person (Other); Behind view; Diagonal-down; Side view,,,Direct control,Fantasy,,Everyone,,,84%,139,4.0,1
155960,Omori,"December 18, 2020",Windows,"OMOCAT, LLC; Active Gaming Media Co., Ltd.","OMOCAT, LLC",8.3,813,27.1K,105,#426,,,,,Role-playing (RPG),,Diagonal-down,2D scrolling,,Direct control,Fantasy,,,,,90%,11,4.1,13
191506,Beacon Pines,"September 22, 2022",Windows,Fellow Traveller Games,Hiding Spot LLC,8.3,814,27.1K,98,#617,,#61,,,Adventure,,Diagonal-down,Isometric,Real-time,Direct control,Fantasy,,,Commercial,Download,85%,39,3.7,7
166843,Doki Doki Literature Club Plus!,"June 30, 2021",Windows,Serenity Forge LLC,Team Salvato,8.3,826,27.1K,83,"#1,592",#128,#59,,,Adventure,,1st-person,Fixed / flip-screen,,Menu structures,Contemporary,,,,,85%,54,4.0,12
207330,The Cosmic Wheel Sisterhood,"August 16, 2023",Windows,"Devolver Digital, Inc.",Deconstructeam,8.3,827,27.1K,29,#555,,,,,Adventure,,3rd-person (Other),,,Direct control; Menu structures,Fantasy; Sci-fi / futuristic,,,Commercial,,86%,29,2.5,2
242403,Fantasy Life i: The Girl Who Steals Time,"May 21, 2025",Windows,Level-5 Inc.,Level-5 Inc.,8.3,842,27.1K,15,#503,#143,,,,Role-playing (RPG),,Diagonal-down,2D scrolling,,Direct control,Fantasy,,,,,85%,33,4.5,2
199774,Paranormasight: The Seven Mysteries of Honjo,"March 8, 2023",Windows,"Square Enix Co., Ltd.",xeen Inc.,8.3,843,27.1K,36,#899,,,,,Adventure,,Text-based / Spreadsheet,2D scrolling,,Point and select,,,,Commercial,,84%,56,4.5,6
212038,Super Mario RPG,"November 17, 2023",Nintendo Switch,"Nintendo of America Inc.; Nintendo of Europe GmbH; Nintendo Co., Ltd.; Nintendo Australia Pty., Ltd.",Arte Piazza Ltd.,8.3,846,27.1K,88,,,,,,Action; Role-playing (RPG),,Diagonal-down,Isometric,Turn-based,Direct control,Fantasy,,Everyone,Commercial,Download; Game Card,84%,56,4.2,10
208271,Chants of Sennaar,"September 5, 2023",Windows,"Focus Entertainment, SA",Rundisc,8.3,848,27.1K,68,#162,,,,,Adventure,,3rd-person (Other),Cinematic camera,,Direct control,,,,Commercial,,87%,13,4.2,20
168414,The Forgotten City,"July 28, 2021",Windows,Plug In Digital SAS,Modern Storyteller Pty Ltd,8.3,855,27.1K,181,#395,#226,,,,Adventure; Puzzle,,1st-person,,Real-time,Direct control,Classical antiquity; Sci-fi / futuristic,,,,,85%,39,4.0,15
146084,Command & Conquer: Remastered Collection,"June 5, 2020",Windows,"Electronic Arts, Inc.",Petroglyph Games Inc.,8.3,857,27.1K,164,#297,,,,,Compilation; Strategy / tactics,,Diagonal-down,Free camera,Real-time,Multiple units/characters control; Point and select,Africa; Alternate history; Europe; Sci-fi / futuristic,,Teen,Commercial,Download,83%,72,4.5,13
200898,Atelier Ryza 3: Alchemist of the End & the Secret Key,"March 24, 2023",Windows,"Koei Tecmo Games Co., Ltd.; Koei Tecmo America Corp.",Gust,8.3,859,27.1K,32,#521,#147,,,,Role-playing (RPG),,Behind view,,,Direct control,Fantasy,,,,,85%,33,4.0,2
152363,Pikmin 3 Deluxe,"October 30, 2020",Nintendo Switch,"Nintendo Co., Ltd.",Nintendo EAD,8.3,868,27.1K,74,,,,,,Action; Puzzle; Strategy / tactics,,3rd-person (Other),,Real-time,Direct control; Multiple units/characters control,Contemporary; Fantasy; Sci-fi / futuristic,,Everyone 10+,Commercial,Download; Game Card,85%,38,4.1,10
171514,Tales of Arise,"September 9, 2021",Windows,Bandai Namco Entertainment Inc.; Bandai Namco Entertainment America Inc.,Bandai Namco Studios Inc.,8.3,873,27.1K,118,"#2,826",#43,,,,Action; Role-playing (RPG),,Behind view,Free camera,,Menu structures,Fantasy,,Teen,Commercial,Download,87%,29,3.9,19
235942,The Roottrees are Dead,"January 15, 2025",Windows,,,8.3,877,27.1K,12,#302,,,,,Adventure,,1st-person,,,Menu structures; Point and select,,,,,,86%,15,5.0,2
179408,OlliOlli World,"February 8, 2022",Windows,"Take-Two Interactive Software, Inc.; 2K Games, Inc.",Roll7,8.3,884,27.1K,105,#788,#149,,,,Action; Sports,,Side view,2D scrolling,,Direct control,Fantasy,,,,,84%,20,4.5,10
243175,Street Fighter 6: Years 1-2 - Fighters Edition,"June 5, 2025",Windows,"Capcom Co., Ltd.; Capcom U.S.A., Inc.; CE Europe Ltd.","Capcom Co., Ltd.",8.3,889,27.1K,4,,,,,,Action; Compilation,,Side view,2D scrolling,,Direct control,Fantasy,,,,,86%,20,,
194368,Against the Storm,"December 16, 2021",Windows,Eremite Games sp. z o.o.; Hooded Horse Inc.,Eremite Games sp. z o.o.,8.3,900,27.1K,97,#494,,,,,Simulation; Strategy / tactics,,Diagonal-down,Free camera,,Point and select,Fantasy; Post-apocalyptic,,,Commercial,Download,89%,16,3.6,7
230234,"Warhammer 40,000: Space Marine II","September 9, 2024",Windows,"Focus Entertainment, SA",Saber Interactive Russia,8.3,915,27.1K,79,#333,#81,#48,,,Action,,Behind view,,,Direct control,Sci-fi / futuristic,Licensed,,Commercial,Download,83%,151,4.1,9
195971,Marvel Midnight Suns,"December 2, 2022",Windows,"2K Games, Inc.; Take-Two Interactive Software, Inc.","Firaxis Games, Inc.",8.3,918,27.1K,156,#279,,,,,Strategy / tactics,,Diagonal-down,Free camera,Turn-based,,Sci-fi / futuristic,Licensed,,Commercial,Download,86%,25,3.9,11
193614,A Plague Tale: Requiem,"October 18, 2022",Windows,"Focus Entertainment, SA",Asobo Studio S.A.R.L.,8.3,919,27.1K,169,#340,#79,#60,,,Action,,Behind view,,,Direct control,Alternate history; Europe; Fantasy; Medieval,,,Commercial,Download,84%,85,4.0,21
190230,Splatoon 3,"September 9, 2022",Nintendo Switch,"Nintendo Co., Ltd.",Nintendo EPD,8.3,921,27.1K,70,,,,,,Action,,Behind view,,,Direct control,Fantasy,,Everyone 10+,,,86%,26,4.0,7
201867,Star Wars: Jedi - Survivor,"April 28, 2023",Windows,"Electronic Arts, Inc.",Respawn Entertainment LLC,8.3,923,27.1K,133,"#1,052",#62,#41,,,Action,,Behind view,,,Direct control,Sci-fi / futuristic,Licensed,Teen,Commercial,Download,83%,96,4.2,16
188150,Stray,"July 19, 2022",Windows,"Annapurna Games, LLC",BlueTwelve Studio Ltd.,8.3,929,27.1K,268,#251,#82,,,,Action,,Behind view,,,Direct control,Cyberpunk / dark sci-fi; Post-apocalyptic,,,Commercial,Download,83%,153,4.3,58
209731,Disgaea 7: Vows of the Virtueless,"October 3, 2023",Windows,"NIS America, Inc.","Nippon Ichi Software, Inc.",8.3,936,27.1K,14,,#121,,,,Role-playing (RPG); Strategy / tactics,,Diagonal-down,Isometric,Turn-based,Menu structures,Fantasy,,Teen,Commercial,,86%,23,,
221075,Minishoot' Adventures,"April 2, 2024",Windows,IndieArk,SoulGame Studio,8.3,940,27.1K,19,#328,,,,,Action,,Top-down,2D scrolling,,Direct control,,,,,,86%,20,4.0,4
231762,Dragon Ball: Sparking! Zero,"October 9, 2024",PlayStation 5,Bandai Namco Entertainment Inc.; Bandai Namco Entertainment America Inc.; Bandai Namco Entertainment Europe S.A.S.,"Spike Chunsoft Co., Ltd.",8.3,947,27.1K,29,"#1,068",#69,#66,,,Action,,3rd-person (Other),,,Direct control,Fantasy,Licensed,Teen,Commercial,Download; UHD Blu-ray Disc,84%,109,2.7,3
188798,Cult of the Lamb,"August 11, 2022",Windows,"Devolver Digital, Inc.",Massive Monster Ltd.,8.3,952,27.1K,169,#256,#116,,,,Action; Simulation,,Diagonal-down,2D scrolling,,Direct control; Menu structures,Fantasy,,,Commercial,Download,83%,78,4.2,27
220049,Dragon's Dogma II,"March 22, 2024",Windows,"Capcom Co., Ltd.; Capcom U.S.A., Inc.","Capcom Co., Ltd.",8.3,969,27.1K,98,"#1,025",#99,#26,,,Role-playing (RPG),,Behind view,,,Direct control,Fantasy,,Mature,Commercial,Download,84%,78,3.8,11
218674,Shiren the Wanderer: The Mystery Dungeon of Serpentcoil Island,"January 25, 2024",Nintendo Switch,"Spike Chunsoft Co., Ltd.","Spike Chunsoft Co., Ltd.",8.3,974,27.1K,10,,,,,,Role-playing (RPG),,Diagonal-down,2D scrolling,Turn-based,Direct control,Fantasy,,Everyone 10+,,,85%,21,5.0,1
242401,Monster Train 2,"May 21, 2025",Windows,"Devolver Digital, Inc.; Good Shepherd Entertainment",Shiny Shoe LLC,8.3,986,27.1K,10,#529,,,,,Strategy / tactics,,1st-person; Side view,Fixed / flip-screen,Turn-based,Point and select,Fantasy,,,,,88%,9,5.0,2
202271,Cassette Beasts,"April 26, 2023",Windows,Raw Fury AB,Bytten Studio Ltd.,8.3,989,27.1K,100,#265,,,,,Role-playing (RPG),,Diagonal-down,2D scrolling,Turn-based,Direct control; Menu structures,Fantasy,,,,,85%,48,2.3,3
216472,Lil' Guardsman,"January 23, 2024",Windows,Versus Evil LLC; tinyBuild LLC,Hilltop Studios,8.3,998,27.1K,17,#904,,#92,,,Adventure,,Side view,2D scrolling,,Point and select,Fantasy,,,Commercial,Download,85%,33,3.0,2
164830,Lacuna,"May 20, 2021",Windows,"Assemble Entertainment GmbH; WhisperGames; Mayflower Entertainment Co., Ltd.",DigiTales Interactive UG,8.3,"1,001",27.1K,132,#357,,,,,Adventure,,Side view,2D scrolling,,Direct control,Sci-fi / futuristic,,,Commercial,,85%,22,4.7,3
149844,Wasteland 3,"August 28, 2020",Windows,"Koch Media GmbH (Austria); inXile Entertainment, Inc.","inXile Entertainment, Inc.",8.3,"1,004",27.1K,177,#294,,,,,Role-playing (RPG),,Diagonal-down,,Turn-based,Multiple units/characters control; Point and select,Alternate history; North America; Post-apocalyptic,,,Commercial,Download,84%,38,4.1,15
157880,Ender Lilies: Quietus of the Knights,"January 20, 2021",Windows,Binary Haze Interactive Inc.,ADGLOBE Inc.; Live Wire Inc.,8.3,"1,005",27.1K,94,#779,,,,,Action,,Side view,2D scrolling,,Direct control,Fantasy,,,,,85%,19,4.3,7
193361,The Case of the Golden Idol,"October 13, 2022",Windows,PlayStack Limited,Color Gray Games,8.2,"1,028",27.1K,58,#397,,,,,Adventure,,Side view,Fixed / flip-screen,,Point and select,,,,Commercial,,85%,17,4.2,18
146501,Desperados III,"June 16, 2020",Windows,"THQ Nordic GmbH; H2 Interactive Co., Ltd.",Mimimi Games GmbH,8.3,"1,021",27.1K,146,#314,,,,,Strategy / tactics,,Diagonal-down,Free camera,Real-time,Multiple units/characters control; Point and select,North America; Western,,,Commercial,Download; DVD-ROM,86%,25,4.1,32
184776,V Rising,"May 17, 2022",Windows,Stunlock Studios AB,Stunlock Studios AB,8.3,"1,024",27.1K,109,#335,,,,,Action,,Diagonal-down,,,Direct control,Fantasy,,,Commercial,,84%,42,4.2,7
203977,We ♥ Katamari: Reroll+ Royal Reverie,"June 1, 2023",Windows,Bandai Namco Entertainment Inc.; Bandai Namco Entertainment America Inc.,MONKEYCRAFT Co. Ltd.,8.2,"1,029",27.1K,58,,#232,,,,Puzzle,,Behind view,,,Direct control,Fantasy,,,,,84%,14,4.6,8
141524,Nioh 2,"March 12, 2020",PlayStation 4,"Koei Tecmo Games Co., Ltd.; Sony Interactive Entertainment Europe Ltd.; Sony Interactive Entertainment America LLC",Team Ninja,8.2,"1,032",27.1K,64,,,,,,Role-playing (RPG),,Behind view,,,Direct control,Alternate history; Fantasy; Japan (Ancient/Classical/Medieval),,Mature,Commercial,Download,84%,42,4.3,3
229162,The Crimson Diamond,"August 15, 2024",Windows,,,8.2,"1,033",27.1K,17,#449,,,,,Adventure,,3rd-person (Other),Fixed / flip-screen,,Point and select; Text parser,North America,,,,,87%,13,4.5,2
203194,Humanity,"May 15, 2023",Windows,Enhance Experience Inc.,Tha Ltd.,8.2,"1,041",27.1K,23,#791,#65,,,,Puzzle,,3rd-person (Other),,Real-time,Direct control,Fantasy,,,Commercial,Download,85%,49,3.0,7
201121,Dredge,"March 29, 2023",Xbox One,Team17 Digital Limited; Black Salt Games Limited,Black Salt Games Limited,8.2,"1,046",27.1K,183,#819,#112,#56,,,Simulation,,Top-down,2D scrolling,,Direct control,Fantasy,,,Commercial,Download,84%,80,3.8,24
150805,Mafia: Definitive Edition,"September 24, 2020",Windows,"2K Games, Inc.",Hangar 13 Brighton; Hangar 13 Novato; Hangar 13 Brno,8.2,"1,063",27.1K,275,#464,,,,,Action; Racing / Driving,,Behind view,,,Direct control,Interwar; North America,,,Commercial,Download,81%,38,4.4,41
233642,The Rise of the Golden Idol,"November 12, 2024",Windows,PlayStack Limited; Netflix Inc.,Color Gray Games,8.2,"1,073",27.1K,24,#389,,,,,Adventure,,Side view,Fixed / flip-screen,,Point and select,,,,Commercial,Download,86%,28,3.7,7
153717,Mortal Kombat 11: Ultimate,"November 17, 2020",Windows,Warner Bros. Interactive Entertainment Inc.,,8.2,"1,086",27.1K,51,,#125,#86,,,Compilation,,,,,,,,,Commercial,Download,87%,14,4.0,4
193911,Faith,"October 21, 2022",Windows,New Blood Interactive,Airdorf Games,8.2,"1,096",27.1K,55,#585,,,,,Action; Compilation,,Diagonal-down,Fixed / flip-screen,,Direct control,North America,,,,,86%,14,4.5,4
149044,There Is No Game: Wrong Dimension,"August 6, 2020",Windows,Draw Me A Pixel,Draw Me A Pixel,8.2,"1,100",27.1K,65,#570,,,,,Adventure,,1st-person,Fixed / flip-screen,,Point and select,Fantasy,,Everyone 10+,Commercial,Download,88%,10,4.2,7
234576,Antonblast,"December 3, 2024",Windows,Summitsphere LLC,Summitsphere LLC,8.2,"1,110",27.1K,17,#411,,,,,Action,,Side view,2D scrolling,,Direct control,,,,Commercial,Download,84%,41,3.0,2
206980,Videoverse,"August 7, 2023",Windows,Kinmoku,Kinmoku,8.2,"1,112",27.1K,16,#391,,,,,Adventure; Simulation,,1st-person,Fixed / flip-screen,,Menu structures,Contemporary,,,,,87%,12,,
232545,Batman: Arkham Shadow,"October 21, 2024",Quest,Oculus Studios,"Camouflaj, LLC",8.2,"1,122",27.1K,5,,,,,,Action,,1st-person,,,Direct control; Motion control,Contemporary; North America,Licensed,Teen,Commercial,,85%,24,,
230691,The Plucky Squire,"September 17, 2024",Windows,"Devolver Digital, Inc.",All Possible Futures,8.2,"1,121",27.1K,60,#222,#176,,,,Action; Adventure,,Diagonal-down; Side view,2D scrolling; Cinematic camera,,Direct control,,,,Commercial,Download,84%,106,3.3,10
227846,Kunitsu-Gami: Path of the Goddess,"July 18, 2024",Windows Apps,"Capcom Co., Ltd.","Capcom Co., Ltd.",8.2,"1,123",27.1K,14,#803,#141,#42,,,Action; Strategy / tactics,,3rd-person (Other),2D scrolling,,Direct control,Fantasy,,,Commercial,,83%,66,,
146928,F1 2020,"July 10, 2020",Windows,The Codemasters Software Company Limited,Codemasters Birmingham,8.2,"1,135",27.1K,87,#682,,,,,Racing / Driving; Simulation,,1st-person; Behind view,,,Direct control,,Licensed,,Commercial,Download; DVD-ROM,88%,15,3.8,9
167763,Walkabout Mini Golf,"September 24, 2020",Quest,"Mighty Coconut, LLC","Mighty Coconut, LLC",8.2,"1,138",27.1K,14,,#129,,,,Sports,,1st-person,,,Direct control; Motion control,,,,,,90%,7,5.0,1
205667,Gravity Circuit,"July 13, 2023",Windows,Plug In Digital SAS,Domesticated Ant Games,8.2,"1,143",27.1K,86,#326,,,,,Action,,Side view,2D scrolling,,Direct control,Sci-fi / futuristic,,,,,86%,17,4.0,1
229716,Age of Mythology: Retold,"September 4, 2024",Windows,Microsoft Corporation,Virtuos Ltd.; Forgotten Empires LLC; Tantalus Media Pty Ltd.,8.2,"1,154",27.1K,34,#338,#258,#115,,,Strategy / tactics,,Diagonal-down,Free camera,,Multiple units/characters control; Point and select,Classical antiquity; Egypt (Ancient); Europe; Fantasy,,,Commercial,Download,83%,89,5.0,3
205363,The Legend of Heroes: Trails into Reverie,"July 7, 2023",Windows,"NIS America, Inc.",Nihon Falcom Corp.,8.2,"1,158",27.1K,29,"#1,120",#161,,,,Role-playing (RPG),,3rd-person (Other),,Turn-based,,Fantasy,,Teen,,,84%,21,5.0,2
242147,Capcom Fighting Collection 2,"May 15, 2025",Windows,"Capcom Co., Ltd.; CE Europe Ltd.; Capcom Asia Co., Ltd.; Capcom U.S.A., Inc.","Capcom Co., Ltd.",8.2,"1,166",27.1K,12,#618,,#116,,,Action; Compilation,,Side view,,,Direct control,,,,Commercial,Download,83%,73,4.0,1
208366,Anonymous;Code,"July 27, 2022",PlayStation 4,"MAGES. Inc.; Spike Chunsoft Co., Ltd.; Spike Chunsoft, Inc.",MAGES. Inc.,8.2,"1,170",27.1K,21,"#1,105",,,,,Adventure,,1st-person,Fixed / flip-screen,,Point and select,Fantasy; Japan (Modern/Futuristic),,Mature,Commercial,Download,84%,28,4.0,3
243164,Ninja Gaiden 4,"October 20, 2025",Windows,Microsoft Corporation,Team Ninja; PlatinumGames Inc.,8.2,"1,174",27.1K,12,#451,#137,#38,,,Action,,Behind view,,,Direct control,,,,Commercial,Download,83%,128,3.5,2
198798,8-Bit Adventures 2,"January 31, 2023",Windows,Critical Games,Critical Games,8.2,"1,176",27.1K,17,#820,,,,,Role-playing (RPG),,1st-person; Top-down,,Turn-based,,Fantasy,,,,,86%,17,,
174628,Unpacking,"November 2, 2021",Windows,"Humble Bundle, Inc.; Limited Run Games, Inc.",Witch Beam Pty. Ltd.,8.2,"1,188",27.1K,161,#424,#127,#218,,,Puzzle; Simulation,,Diagonal-down,Free camera,Meditative / Zen,Point and select,Contemporary,,,Commercial,Download,83%,89,3.9,32
153496,Marvel Spider-Man: Miles Morales,"November 12, 2020",PlayStation 4,Sony Interactive Entertainment America LLC; Sony Interactive Entertainment Europe Ltd.; Playstation PC LLC,"Insomniac Games, Inc.",8.2,"1,191",27.1K,201,#915,#72,,,,Action,,Behind view,,,Direct control,Fantasy; North America,Licensed,Teen,Commercial,Blu-Ray Disc; Download,88%,40,3.7,42
245535,Battlefield 6,"October 10, 2025",Windows,"Electronic Arts, Inc.",Motive Studio; EA Digital Illusions CE AB; Criterion Software Ltd.; Ripple Effect Studios,8.2,"1,203",27.1K,18,"#1,405",#152,,,,Action,,1st-person,,,Direct control,Contemporary,,,Commercial,Download,85%,20,4.3,3
231441,Kill Knight,"October 2, 2024",Windows,Playside Studios Pty Ltd,Playside Studios Pty Ltd,8.2,"1,207",27.1K,33,#442,#263,,,,Action,,Diagonal-down,2D scrolling,,Direct control,Fantasy,,,,,86%,24,3.3,3
166087,Guilty Gear: Strive,"June 11, 2021",Windows,"Arc System Works Co., Ltd.","Arc System Works Co., Ltd.",8.2,"1,209",27.1K,71,,#96,,,,Action,,Side view,2D scrolling,,Direct control,,,Teen,Commercial,Download,86%,21,3.9,11
151114,Crash Bandicoot 4: It's About Time,"October 1, 2020",PlayStation 4,"Activision Publishing, Inc.",Toys for Bob Inc.,8.2,"1,223",27.1K,140,,#86,,,,Action,,3rd-person (Other),,,Direct control,Fantasy,,Everyone 10+,Commercial,Blu-Ray Disc; Download,85%,52,3.6,16
246070,Gradius: Origins,"August 6, 2025",Windows,"Konami Digital Entertainment Co., Ltd.","Konami Digital Entertainment Co., Ltd.; M2 Co., Ltd.",8.2,"1,237",27.1K,6,,,,,,Action,,Side view,2D scrolling,,Direct control,Sci-fi / futuristic,,,,,85%,22,4.0,1
176465,Love 3,"December 6, 2021",Windows,"Screenwave Media, Inc.; RetroWare",Mokuzai Studio LLC,8.2,"1,235",27.1K,8,,,,,,Action,,Side view,2D scrolling,,,,,,,,94%,5,,
158495,Nioh 2: Complete Edition,"February 5, 2021",Windows,"Koei Tecmo Games Co., Ltd.; Sony Interactive Entertainment Europe Ltd.",Team Ninja,8.2,"1,232",27.1K,129,#515,#287,,,,Compilation; Role-playing (RPG),,Behind view,,,Direct control,Fantasy; Japan (Ancient/Classical/Medieval),,,,,86%,13,4.1,7
212996,Tevi,"November 30, 2023",Windows,"CreSpirit International Limited; Neverland Entertainment; PM Studios, Inc.",CreSpirit International Limited,8.2,"1,234",27.1K,11,#679,,,,,Action,,Side view,2D scrolling,,Direct control,Fantasy,,,Commercial,Download,87%,11,,
148626,Travellers Rest,"July 28, 2020",Windows,Metaboli Publishing,,8.2,"1,239",27.1K,28,#450,,,,,Simulation,,Diagonal-down,2D scrolling,,Direct control,,,,,,,,4.7,10
234937,Vendetta Forever,"October 24, 2024",Quest,nDreams Ltd,,8.2,"1,233",27.1K,3,,#130,,,,Action,,1st-person,,,Motion control,,,,Commercial,,86%,16,,
158020,Hrot,"January 29, 2021",Windows,,,8.2,"1,249",27.1K,72,#454,,,,,Action,,1st-person,,,Direct control,Alternate history; Europe; Fantasy; Post-apocalyptic,,,Commercial,Download,89%,5,4.4,9
168005,Death's Door,"July 20, 2021",Windows,"Devolver Digital, Inc.; Netflix Inc.",Acid Nerve,8.2,"1,250",27.1K,129,#665,,#83,,,Role-playing (RPG),,Diagonal-down,2D scrolling,,Direct control,Fantasy,,,,,84%,31,4.0,17
202495,Age of Wonders 4,"May 2, 2023",Windows,Paradox Interactive AB,Triumph Studios B.V.,8.2,"1,256",27.1K,35,#354,,#183,,,Strategy / tactics,,Diagonal-down,Free camera,Turn-based,Multiple units/characters control; Point and select,Fantasy,,,Commercial,Download,83%,42,4.3,3
193237,Bayonetta 3,"October 28, 2022",Nintendo Switch,"Nintendo Co., Ltd.",PlatinumGames Inc.,8.2,"1,278",27.1K,83,,,,,,Action,,Behind view,,,Direct control,Fantasy,,Mature,,,84%,43,3.7,3
239544,The Darkest Files,"March 25, 2025",Windows,Paintbucket Games UG,Paintbucket Games UG,8.2,"1,293",27.1K,8,#473,,,,,Adventure,,1st-person,,,Direct control,Cold War; Europe,,,,,87%,11,,
208913,Party Animals,"September 20, 2023",Windows,"Source Technology, Inc.",Recreate Games,8.2,"1,296",27.1K,38,#470,,#75,,,Action,,3rd-person (Other),,,Direct control,Fantasy,,,Commercial,Download,82%,28,4.7,7
243908,Hell Clock,"July 22, 2025",Windows,"Mad Mushroom Media, Inc.",Rogue Snail,8.2,"1,300",27.1K,5,#481,,,,,Role-playing (RPG),,Diagonal-down,2D scrolling,,Direct control,Fantasy,,,Commercial,Download,86%,15,,
179715,Infernax,"February 14, 2022",Windows,DotEmu SAS,Berzerk Studio Inc.,8.2,"1,311",27.1K,18,#742,,#148,,,Action,,Side view,2D scrolling,,Direct control,Fantasy,,,Commercial,Download,83%,63,3.3,3
165217,30XX,"February 17, 2021",Windows,Batterystaple Games,Batterystaple Games,8.2,"1,312",27.1K,25,#877,,,,,Action,,Side view,,,Direct control,Sci-fi / futuristic,,,,,84%,30,5.0,1
171662,Hyper Light Drifter: Special Edition,January 2021,Nintendo Switch,Abylight Studios SA,,8.2,"1,317",27.1K,5,,,,,,Special edition,,,,,,,,Teen,Commercial,Game Card,85%,17,,
207710,Armored Core VI: Fires of Rubicon,"August 24, 2023",Windows,"FromSoftware, Inc.; Bandai Namco Entertainment Inc.; Bandai Namco Entertainment America Inc.; Bandai Namco Entertainment Europe S.A.S.","FromSoftware, Inc.",8.2,"1,322",27.1K,116,#748,#103,#155,,,Action,,Behind view,,,Direct control,Sci-fi / futuristic,,,Commercial,Download,83%,41,4.3,10
171127,Pathfinder: Wrath of the Righteous,"September 2, 2021",Windows,Owlcat Games; Postmeta Games Limited,Owlcat Games,8.2,"1,325",27.1K,149,#660,,,,,Role-playing (RPG),,Diagonal-down,,Real-time; Turn-based,Multiple units/characters control; Point and select,Fantasy,Licensed,,Commercial,Download,82%,16,4.5,11
243155,Mortal Kombat: Legacy Kollection,"October 30, 2025",Windows,"Digital Eclipse Entertainment Partners Co.; Atari Interactive, Inc.",Digital Eclipse Entertainment Partners Co.,8.2,"1,327",27.1K,9,,#74,#105,,,Action; Compilation,,Side view,2D scrolling,,Direct control,Fantasy,,,Commercial,Download,84%,33,,
189069,Teenage Mutant Ninja Turtles: The Cowabunga Collection,"August 30, 2022",Windows,"Konami Digital Entertainment, Inc.; Konami Digital Entertainment Co., Ltd.",Digital Eclipse Entertainment Partners Co.,8.2,"1,332",27.1K,75,,#180,,,,Action; Compilation,,Side view,2D scrolling,,Direct control,Fantasy,Licensed,Teen,,,85%,17,4.2,5
242437,Duck Detective: The Ghost of Glamping,"May 22, 2025",Windows,Happy Broccoli Games UG,Happy Broccoli Games UG,8.2,"1,334",27.1K,9,#475,#333,,,,Adventure,,Diagonal-down,Isometric,,Direct control,Fantasy,,,Commercial,Download,84%,33,3.0,1
202230,Roots of Pacha,"April 25, 2023",Windows,Soda Den LLC,Soda Den LLC,8.2,"1,341",27.1K,10,"#1,153",,,,,Simulation,,Diagonal-down,2D scrolling,,Direct control,,,,,,85%,21,4.0,1
211535,Cobalt Core,"November 8, 2023",Windows,Brace Yourself Games,Rocket Rat Games,8.2,"1,355",27.1K,15,,,,,,Strategy / tactics,,Top-down,2D scrolling,Turn-based,Menu structures,Sci-fi / futuristic,,,,,90%,6,5.0,1
158850,League of Legends: Wild Rift,"October 27, 2020",iPhone,"Riot Games, Inc.","Riot Games, Inc.",8.2,"1,354",27.1K,4,,,,,,Strategy / tactics,,Diagonal-down,Free camera,Real-time,Direct control,Fantasy,,,,,90%,6,5.0,1
196450,Lil Gator Game,"December 14, 2022",Windows,Playtonic Limited,MegaWobble,8.2,"1,359",27.1K,58,"#1,538",,,,,Simulation,,Behind view,,,Direct control,Fantasy,,,Commercial,Download,84%,34,3.8,8
221443,Botany Manor,"April 9, 2024",Windows,Whitethorn Games,Balloon Studios,8.2,"1,367",27.1K,17,#696,,#64,,,Simulation,,1st-person,,,Direct control,Europe; Industrial Age,,,Commercial,Download,83%,72,3.8,5
161834,Resident Evil: Village,"May 7, 2021",Windows,"Capcom Co., Ltd.","Capcom Co., Ltd.",8.2,"1,378",27.1K,268,"#1,962",#76,#101,,,Action,,1st-person,,,Direct control,Contemporary; Europe,,,Commercial,Download,83%,53,4.1,42
178684,Pokémon Legends: Arceus,"January 28, 2022",Nintendo Switch,Nintendo of America Inc.; The Pokémon Company,"Game Freak, Inc.",8.2,"1,392",27.1K,147,,,,,,Role-playing (RPG),,Behind view,,,Direct control,Fantasy,Licensed,Everyone,,,84%,34,4.0,27
231342,Crypt Custodian,"August 27, 2024",Windows,"Top Hat Studios, Inc.; H2 Interactive Co., Ltd.",,8.2,"1,397",27.1K,21,"#1,488",#250,,,,Action,,Diagonal-down,2D scrolling,,Direct control,Fantasy,,,Commercial,Download,84%,25,4.3,3
167678,F1 2021,"July 16, 2021",Windows,"Electronic Arts, Inc.",Codemasters Birmingham,8.2,"1,399",27.1K,34,"#1,550",#113,,,,Racing / Driving; Simulation,,1st-person; Behind view,,,Direct control,,Licensed,,,,85%,14,4.3,7
223633,Crow Country,"May 9, 2024",Windows,SFB Games Ltd.,SFB Games Ltd.,8.2,"1,402",27.1K,37,#409,#145,#165,,,Action,,Diagonal-down,,,Direct control,,,,Commercial,Download,83%,63,4.0,9
235851,Wanderstop,"March 11, 2025",Windows,Annapurna Interactive,Ivy Road,8.2,"1,421",27.1K,20,#516,#160,#158,,,Adventure; Simulation,,Behind view,,,Direct control,Fantasy,,,Commercial,Download,82%,75,4.0,1
232366,Sonic X Shadow Generations,"October 25, 2024",Windows,"SEGA Corporation; SEGA of America, Inc.",Sonic Team,8.2,"1,430",27.1K,60,,#117,#103,,,Action,,3rd-person (Other); Side view,,,Direct control,Fantasy,,,Commercial,Download,82%,92,4.8,5
172396,Tails of Iron,"September 16, 2021",Xbox One,United Label SA; CI Games S.A.,Odd Bug Studio,8.2,"1,435",27.1K,62,"#2,007",#204,#104,,,Role-playing (RPG),,Side view,2D scrolling,,Direct control; Menu structures,Fantasy; Medieval,,Teen,,,83%,36,3.0,1
178788,Vampire Survivors,"December 17, 2021",Windows,Poncle Limited,Poncle Limited,8.2,"1,446",27.1K,285,"#1,112",,,,,Action,,Diagonal-down,2D scrolling,,Direct control,Fantasy,,,Commercial,Download,87%,19,4.0,43
152571,Chicken Police: Paint it Red!,"November 4, 2020",PlayStation 4,Handy-Games GmbH; THQ Nordic Japan KK,The Wild Gentlemen,8.2,"1,454",27.1K,94,#615,,,,,Adventure,,3rd-person (Other),2D scrolling; Cinematic camera,,Point and select,,,,,,83%,40,4.0,6
228917,SteamWorld Heist II,"August 8, 2024",Windows,Thunderful Publishing AB,Thunderful Development AB,8.2,"1,457",27.1K,19,#822,#230,#157,,,Strategy / tactics,,Side view,2D scrolling; Free camera,Turn-based,,Steampunk,,,Commercial,Download,83%,40,3.5,2
153160,Prodeus,"November 9, 2020",Windows,"Humble Bundle, Inc.",Bounding Box Software Inc.,8.1,"1,475",27.1K,135,#566,,,,,Action,,1st-person,,,Direct control,Sci-fi / futuristic,,,Commercial,Download,84%,30,4.0,10
142650,Bayonetta Vanquish: 10th Anniversary Bundle,"February 18, 2020",PlayStation 4,"SEGA of America, Inc.; SEGA Europe Ltd.",,8.1,"1,477",27.1K,11,,,,,,Compilation,,,,,,,,Mature,Commercial,Download,88%,8,4.2,4
193717,Signalis,"October 27, 2022",Windows,"Humble Bundle, Inc.; Active Gaming Media, Inc.",rose-engine GbR,8.1,"1,479",27.1K,125,#761,,,,,Action,,Diagonal-down,2D scrolling,,Direct control,Sci-fi / futuristic,,,Commercial,Download,82%,49,4.1,26
157560,Everspace 2,"January 18, 2021",Windows,ROCKFISH Games GmbH,ROCKFISH Games GmbH,8.1,"1,483",27.1K,42,#474,,,,,Action,,1st-person; Behind view,,,Direct control,Sci-fi / futuristic,,,Commercial,Download,82%,60,4.0,4
218151,Solium Infernum,"February 22, 2024",Windows,League of Geeks,League of Geeks,8.1,"1,490",27.1K,10,#550,,,,,Strategy / tactics,,Diagonal-down,Free camera,Turn-based,Menu structures; Point and select,Fantasy,,,,,84%,23,,
237734,Like a Dragon: Pirate Yakuza in Hawaii,"February 20, 2025",Windows,SEGA Corporation,Ryu ga Gotoku Studio,8.1,"1,496",27.1K,37,"#1,077",#111,#73,,,Action,,Behind view,,,Direct control,North America; Sea pirates / Caribbean,,,Commercial,Download,82%,78,4.2,6
208808,Lies of P,"September 18, 2023",Windows,Neowiz Corporation,Neowiz Corporation; Round 8 Studio,8.1,"1,498",27.1K,106,#641,#235,,,,Role-playing (RPG),,Behind view,,,Direct control,Fantasy,,,Commercial,Download,82%,35,4.2,19
179410,Sifu,"February 8, 2022",Windows,Sloclap SAS; Kepler Interactive Limited,Sloclap SAS,8.1,"1,503",27.1K,188,#375,#126,,,,Action,,3rd-person (Other),,,Direct control,Asia; Contemporary; Fantasy,,,,,84%,68,3.7,22
153390,Devil May Cry 5: Special Edition,"November 10, 2020",Xbox Series,"Capcom Co., Ltd.","Capcom Co., Ltd.",8.1,"1,505",27.1K,34,,#87,,,,Action; Compilation,,Behind view,,,Direct control,Fantasy,,,,,88%,12,3.3,3
210895,Ghostrunner II,"October 26, 2023",Windows,505 Games S.p.A.,One More Level S.A.,8.1,"1,507",27.1K,127,"#1,565",#106,,,,Action,,1st-person,,,Direct control,Cyberpunk / dark sci-fi; Post-apocalyptic,,,Commercial,Download,84%,22,4.0,3
159794,Everhood,"March 4, 2021",Windows,Foreign Gnomes; Surefire.Games,Foreign Gnomes,8.1,"1,519",27.1K,116,"#1,366",,,,,Adventure,,3rd-person (Other),2D scrolling,,Direct control,Fantasy; Sci-fi / futuristic,,,,,83%,19,4.7,3
222705,Stellar Blade,"April 25, 2024",PlayStation 5,Sony Interactive Entertainment America LLC; Sony Interactive Entertainment Europe Ltd.; Sony Interactive Entertainment Inc.; PlayStation Publishing LLC,Shiftup Corp.,8.1,"1,522",27.1K,59,,#93,,,,Action,,Behind view,,,Direct control,Post-apocalyptic; Sci-fi / futuristic,,Mature,,,82%,155,4.0,10
180427,Atelier Sophie 2: The Alchemist of the Mysterious Dream,"February 24, 2022",Windows,"Koei Tecmo Games Co., Ltd.; Koei Tecmo America Corp.","Koei Tecmo Games Co., Ltd.",8.1,"1,530",27.1K,24,"#1,705",,,,,Role-playing (RPG),,Behind view,,Turn-based,Direct control; Menu structures,Fantasy,,,,,84%,21,4.5,2
182643,Moss: Book II,"March 31, 2022",PlayStation 4,"Polyarc, Inc.","Polyarc, Inc.",8.1,"1,539",27.1K,10,,,,,,Action,,3rd-person (Other),,,Direct control; Motion control,Fantasy,,,,,83%,30,4.1,3
175288,Final Fantasy IV,"September 8, 2021",Windows,"Square Enix Co., Ltd.","Square Enix Co., Ltd.; Tose Co., Ltd.",8.1,"1,540",27.1K,60,"#1,175",,,,,Role-playing (RPG),,Diagonal-down,,Turn-based,,Fantasy,,,,,82%,9,4.5,12
224313,Senua's Saga: Hellblade II,"May 21, 2024",Windows,Microsoft Corporation,Ninja Theory Ltd.,8.1,"1,550",27.1K,42,#939,,#58,,,Action,,Behind view,,,Direct control,Europe,,,Commercial,Download,82%,40,4.5,8
230777,Broken Sword: Shadow of the Templars - Reforged,"September 19, 2024",Windows,Revolution Software Ltd.,Revolution Software Ltd.,8.1,"1,573",27.1K,34,#594,,#195,,,Adventure,,Side view,,,Point and select,,,,Commercial,Download,83%,26,4.7,3
217251,Helldivers II,"February 8, 2024",Windows,Playstation PC LLC; Sony Computer Entertainment Inc.,Arrowhead Game Studios AB,8.1,"1,576",27.1K,142,#862,#95,,,,Action,,Behind view,,,Direct control,Sci-fi / futuristic,,Mature,Commercial,Download,82%,58,4.1,18
174766,Cupid Parasite,"August 20, 2020",Nintendo Switch,"Idea Factory Co., Ltd.; Idea Factory International, Inc.",Studio Saizensen Ltd.,8.1,"1,579",27.1K,10,,,,,,Adventure; Simulation,,3rd-person (Other),Fixed / flip-screen,,Point and select,Fantasy,,Teen,Commercial,Download; Game Card,85%,18,3.8,4
141682,Not for Broadcast,"January 30, 2020",Windows,tinyBuild LLC,NotGames Ltd.,8.1,"1,591",27.1K,114,"#1,268",,#97,,,Simulation,,1st-person,,Real-time,,,,,Commercial,Download,85%,17,3.9,5
162530,The Darkside Detective: A Fumble in the Dark,"April 15, 2021",Windows,"Akupara Games, LLC",Spooky Doorway,8.1,"1,594",27.1K,67,,,,,,Adventure,,Side view,Fixed / flip-screen,,Point and select,Fantasy,,,,,88%,9,4.0,4
188012,Live A Live,"July 22, 2022",Nintendo Switch,"Nintendo of America Inc.; Nintendo of Europe GmbH; Square Enix Co., Ltd.; Square Enix Limited",Historia Inc.; Square Enix Creative Business Unit II,8.1,"1,598",27.1K,72,,#199,,,,Role-playing (RPG),,Diagonal-down,2D scrolling,Turn-based,Direct control; Multiple units/characters control,Fantasy; Sci-fi / futuristic; Western,,Teen,Commercial,Download; Game Card,81%,106,4.4,14
236737,Dynasty Warriors: Origins,"January 16, 2025",PlayStation 5,"Koei Tecmo Games Co., Ltd.",Omega Force,8.1,"1,602",27.1K,16,"#1,531",#157,#119,,,Action,,Behind view,,,Direct control,China (Ancient / Imperial),,Teen,,,83%,25,,
228860,Cat Quest III,"August 8, 2024",Windows,Kepler Interactive Limited,"Gentlebros Pte. Ltd., The",8.1,"1,654",27.1K,42,#767,#255,,,,Role-playing (RPG),,Diagonal-down,2D scrolling,,Direct control,Fantasy,,,Commercial,Download,82%,50,3.7,3
168138,Fuga: Melodies of Steel,"July 28, 2021",Nintendo Switch,"CyberConnect2 Co., Ltd.","CyberConnect2 Co., Ltd.; CyberConnect2 Montreal Studio Inc.",8.1,"1,612",27.1K,20,"#1,622",,,,,Role-playing (RPG),,Side view,2D scrolling,Turn-based,Menu structures,Sci-fi / futuristic,,,,,87%,9,4.2,5
186986,Capcom Fighting Collection,"June 23, 2022",PlayStation 4,"Capcom Co., Ltd.","Capcom Co., Ltd.",8.1,"1,644",27.1K,52,"#1,546",,,,,Action; Compilation; Puzzle,,Side view,2D scrolling; Fixed / flip-screen,,Direct control,,,Teen,,,82%,28,4.7,3
246591,OFF,"August 15, 2025",Windows,Fangamer LLC,Fangamer LLC,8.1,"1,653",27.1K,4,#627,,,,,Role-playing (RPG),,Diagonal-down,2D scrolling,Turn-based,Direct control; Menu structures,Fantasy,,,,,83%,40,,
208859,Mortal Kombat 1,"September 19, 2023",Windows,Warner Bros. Interactive Entertainment Inc.,NetherRealm Studios,8.1,"1,655",27.1K,82,,#68,,,,Action,,Side view,2D scrolling,,Direct control,Fantasy,,,Commercial,Download,84%,33,3.6,7
166086,Chicory: A Colorful Tale,"June 10, 2021",Windows,"Finji, LLC",,8.1,"1,659",27.1K,45,#751,,,,,Adventure,,Diagonal-down,2D scrolling,,Point and select,Fantasy,,,,,90%,16,3.4,13
239221,MLB The Show 25,"March 18, 2025",Nintendo Switch,"MLB Advanced Media, L.P.; Sony Interactive Entertainment America LLC",SCE Studios San Diego,8.1,"1,672",27.1K,6,,#110,,,,Sports,,3rd-person (Other); Behind view,,,Direct control,North America,Licensed,Everyone,Commercial,Download,83%,33,,
201161,WWE 2K23,"March 17, 2023",Windows,"2K Games, Inc.","Visual Concepts Entertainment, Inc.",8.1,"1,677",27.1K,79,,#84,#72,,,Sports,,3rd-person (Other),,,Direct control,,Licensed,,,,82%,56,4.0,4
179781,KOF XV: The King of Fighters,"February 17, 2022",Windows,"SNK Corporation; Koch Media GmbH (Austria); Gamepoch, Inc.",SNK Corporation,8.1,"1,683",27.1K,44,"#1,979",#105,#182,,,Action,,Side view,2D scrolling,,Direct control,,,,Commercial,Download,83%,22,4.1,6
213874,Granblue Fantasy Versus: Rising,"December 14, 2023",Windows,"Cygames, Inc.","Cygames, Inc.; Arc System Works Co., Ltd.",8.1,"1,686",27.1K,15,"#1,288",#170,,,,Action,,Side view,2D scrolling,,Direct control,Fantasy,,,,,85%,14,4.0,1
152464,Shin Megami Tensei III: Nocturne - HD Remaster,"October 28, 2020",PlayStation 4,"Atlus Co., Ltd.; SEGA Games Co., Ltd.; SEGA of America, Inc.; SEGA Europe Ltd.","Atlus Co., Ltd.",8.1,"1,691",27.1K,76,"#1,966",,,,,Role-playing (RPG),,3rd-person (Other),,Turn-based,,Post-apocalyptic,,Mature,,,82%,22,4.8,4
233621,Prim,"October 24, 2024",Windows,Application Systems Heidelberg Software GmbH,Application Systems Heidelberg Software GmbH; Common Colors,8.1,"1,693",27.1K,11,#794,,,,,Adventure,,Side view,Fixed / flip-screen,,Point and select,,,,Commercial,Download; USB Flash Drive,86%,9,4.5,2
214806,Bakeru,"November 30, 2023",Nintendo Switch,"Good-Feel Co., Ltd.; Spike Chunsoft Co., Ltd.","Good-Feel Co., Ltd.",8.1,"1,696",27.1K,5,,,,,,Action,,3rd-person (Other),,,Direct control,Fantasy; Japan (Ancient/Classical/Medieval),,Everyone 10+,,,82%,43,,
206848,Thronefall,"August 2, 2023",Windows,GrizzlyGames Co.; Doghowl Games,GrizzlyGames Co.,8.1,"1,697",27.1K,30,"#1,102",,,,,Strategy / tactics,,Diagonal-down,,Real-time,Direct control,Fantasy; Medieval,,,Commercial,,87%,9,4.0,4
189361,Lost in Play,"August 10, 2022",Windows,Happy Juice Interactive LLC; Joystick Ventures; Snapbreak Games AB,Happy Juice Interactive LLC,8.1,"1,706",27.1K,49,#974,,,,,Adventure,,3rd-person (Other),,,Point and select,,,,Commercial,Download,85%,11,4.2,4
